{"labels_3d": [1, 2, 2, 2, 2], "scores_3d": [0.7085357308387756, 0.9813341498374939, 0.976250171661377, 0.6289846897125244, 0.1918959766626358], "bboxes_3d": [[9.917860984802246, 14.179361343383789, -1.870366096496582, 1.644806146621704, 0.4949924647808075, 1.6014844179153442, 3.203118324279785], [20.182899475097656, -6.646331310272217, -1.9125633239746094, 4.2070417404174805, 1.6693565845489502, 1.6075435876846313, 0.049532532691955566], [10.204617500305176, -6.75244140625, -1.9801465272903442, 4.3605170249938965, 1.6937366724014282, 1.6476874351501465, 0.040480613708496094], [40.190189361572266, -6.665576457977295, -1.9219496250152588, 4.136726379394531, 1.6721299886703491, 1.7332463264465332, 0.04491996765136719], [11.858585357666016, 17.719165802001953, -1.932685375213623, 3.8666272163391113, 1.594772458076477, 1.8053103685379028, 3.1695847511291504]], "box_type_3d": "LiDAR"}