{"labels_3d": [1, 2, 2, 2, 2, 2], "scores_3d": [0.5974153876304626, 0.9785683751106262, 0.976633608341217, 0.35700857639312744, 0.12473410367965698, 0.10803680866956711], "bboxes_3d": [[9.978355407714844, 14.17037296295166, -1.8221068382263184, 1.6486144065856934, 0.5026125311851501, 1.5658975839614868, 3.247912883758545], [20.172697067260742, -6.646961688995361, -1.9145936965942383, 4.242290496826172, 1.6765108108520508, 1.6250808238983154, 0.053963303565979004], [10.214423179626465, -6.750330448150635, -1.9814691543579102, 4.37040376663208, 1.6943143606185913, 1.6607937812805176, 0.041605591773986816], [39.993629455566406, -6.6049885749816895, -1.9382243156433105, 3.7175724506378174, 1.680047869682312, 1.6265424489974976, 0.01288759708404541], [11.884486198425293, 17.73357391357422, -1.9208698272705078, 3.922544240951538, 1.6172716617584229, 1.811143398284912, 3.1779353618621826], [61.92561721801758, -14.233457565307617, -2.131958484649658, 3.994863510131836, 1.589064121246338, 1.4605029821395874, 2.717632293701172]], "box_type_3d": "LiDAR"}