{"labels_3d": [2], "scores_3d": [0.24477900564670563], "bboxes_3d": [[19.49692153930664, 18.380508422851562, -2.0456368923187256, 3.427708625793457, 1.6520665884017944, 1.669317364692688, 0.20019638538360596]], "box_type_3d": "LiDAR"}