{"labels_3d": [0, 1, 1, 1, 2, 2, 2, 2, 2, 2, 2], "scores_3d": [0.11704811453819275, 0.7037599682807922, 0.4052533507347107, 0.32898518443107605, 0.8399645686149597, 0.7725992798805237, 0.7540534138679504, 0.6934503316879272, 0.4374544024467468, 0.27559569478034973, 0.11363375931978226], "bboxes_3d": [[0.2653430700302124, -2.501404285430908, -1.74920654296875, 0.5492429137229919, 0.7498643398284912, 1.5718883275985718, 4.427031517028809], [15.757643699645996, 11.206034660339355, -1.912773847579956, 1.6520144939422607, 0.4932001531124115, 1.5930613279342651, 3.345269203186035], [3.058987855911255, -2.557788848876953, -1.8967487812042236, 1.6819508075714111, 0.5251165628433228, 1.6651602983474731, 3.0793843269348145], [0.1800859421491623, -2.4777333736419678, -1.7522103786468506, 1.6883949041366577, 0.5394986271858215, 1.7157552242279053, 3.014516592025757], [21.4540958404541, 14.571123123168945, -1.9637436866760254, 4.129382610321045, 1.6104767322540283, 1.3493164777755737, 3.1027379035949707], [3.1918928623199463, 10.964132308959961, -1.9902160167694092, 4.288169860839844, 1.7451015710830688, 1.4868016242980957, 3.1212711334228516], [8.814798355102539, 14.580077171325684, -1.9329898357391357, 3.778855323791504, 1.6096855401992798, 1.7950479984283447, 3.183574676513672], [9.787522315979004, 24.250703811645508, -1.782793402671814, 3.9444656372070312, 1.60124933719635, 1.5061280727386475, 3.2001256942749023], [33.902809143066406, 21.85746955871582, -1.8671400547027588, 4.195718288421631, 1.6597791910171509, 1.5092087984085083, 1.598990559577942], [9.204139709472656, 30.050533294677734, -1.9079992771148682, 3.5129895210266113, 1.5354204177856445, 1.450024127960205, 3.2573797702789307], [59.68529510498047, 2.602689504623413, -1.9870631694793701, 3.8116579055786133, 1.6625384092330933, 1.6486142873764038, -0.048458099365234375]], "box_type_3d": "LiDAR"}