{"labels_3d": [1, 1, 2, 2, 2, 2, 2, 2, 2, 2, 2, 2], "scores_3d": [0.5835458636283875, 0.21686390042304993, 0.9589982628822327, 0.9390670657157898, 0.7489685416221619, 0.6348862051963806, 0.6085230112075806, 0.23991547524929047, 0.1860319823026657, 0.1828436702489853, 0.13479873538017273, 0.11931382864713669], "bboxes_3d": [[9.97941780090332, 14.121881484985352, -1.871753454208374, 1.6354377269744873, 0.5066165328025818, 1.5652425289154053, 3.209554672241211], [39.33665084838867, 24.700471878051758, -1.971217155456543, 1.5391591787338257, 0.342498779296875, 1.6725064516067505, 0.26475846767425537], [20.11469841003418, -6.6202263832092285, -1.8626506328582764, 4.153501510620117, 1.6570154428482056, 1.600788950920105, 0.043322086334228516], [10.247330665588379, -6.769195079803467, -1.95223069190979, 4.3138108253479, 1.6845935583114624, 1.6564266681671143, 0.04597365856170654], [39.17533874511719, 17.535869598388672, -1.9690642356872559, 4.5925703048706055, 1.737566351890564, 1.4556281566619873, 3.1116180419921875], [36.84149932861328, 20.9837589263916, -2.0287837982177734, 4.336413860321045, 1.699377417564392, 1.4712985754013062, 3.1363697052001953], [40.261234283447266, -6.605722427368164, -1.8871923685073853, 4.184625148773193, 1.6582332849502563, 1.6692173480987549, 0.028238892555236816], [67.14701843261719, 24.646240234375, -1.7529590129852295, 4.066992282867432, 1.6534947156906128, 1.5433330535888672, 0.10640287399291992], [49.8028450012207, -2.5841946601867676, -1.8684546947479248, 3.5540289878845215, 1.5999833345413208, 1.521708369255066, -0.01621854305267334], [11.773626327514648, 17.62369155883789, -1.8784832954406738, 3.8810501098632812, 1.600862741470337, 1.7906146049499512, 3.1443488597869873], [36.55459213256836, 29.907894134521484, -2.164060354232788, 3.8083388805389404, 1.6266065835952759, 1.4158862829208374, 3.164865016937256], [60.94363021850586, -2.9534595012664795, -1.823439121246338, 3.7525696754455566, 1.652695894241333, 1.5797544717788696, -0.3211125135421753]], "box_type_3d": "LiDAR"}