{"labels_3d": [2], "scores_3d": [0.22936473786830902], "bboxes_3d": [[65.90447235107422, -1.274627447128296, -2.2810416221618652, 4.353461742401123, 1.4595602750778198, 1.4957624673843384, 1.7956987619400024]], "box_type_3d": "LiDAR"}