{"labels_3d": [0, 0, 0, 1, 1, 1, 1, 2, 2, 2, 2], "scores_3d": [0.17465560138225555, 0.12007748335599899, 0.11344736814498901, 0.6596789360046387, 0.5951856970787048, 0.5589991807937622, 0.2629932463169098, 0.934872567653656, 0.9276863932609558, 0.676044762134552, 0.18296244740486145], "bboxes_3d": [[4.260694980621338, 2.2807717323303223, -1.9367990493774414, 0.6102336645126343, 0.7256524562835693, 1.6447515487670898, 2.8865904808044434], [1.2708637714385986, 2.242518901824951, -1.8685052394866943, 0.44268718361854553, 0.7088435888290405, 1.6305779218673706, -1.2082573175430298], [4.767308235168457, -2.2028415203094482, -1.9912896156311035, 0.5082863569259644, 0.6727094054222107, 1.5205830335617065, 4.510922431945801], [9.987854957580566, 14.166749954223633, -1.8373454809188843, 1.6083922386169434, 0.5009463429450989, 1.5838274955749512, 3.111565589904785], [1.501375436782837, -2.236699104309082, -2.011498212814331, 1.6525758504867554, 0.5201817154884338, 1.6607195138931274, 3.0837676525115967], [4.463855743408203, -2.2108819484710693, -1.9504170417785645, 1.6117826700210571, 0.5436959862709045, 1.676751971244812, 3.1140847206115723], [4.2559967041015625, 2.2898852825164795, -1.8656084537506104, 1.5936826467514038, 0.5991266369819641, 1.7056342363357544, 3.491373062133789], [10.21222972869873, -6.750268459320068, -1.95194411277771, 4.341144561767578, 1.6879624128341675, 1.6524771451950073, 0.05016219615936279], [20.15022850036621, -6.647738456726074, -1.8855512142181396, 4.278927803039551, 1.6782010793685913, 1.6089848279953003, 0.04841494560241699], [20.26105499267578, 6.060619354248047, -1.8803223371505737, 4.362354278564453, 1.6448420286178589, 1.5376784801483154, -0.008698463439941406], [11.77502727508545, 17.616289138793945, -1.8591465950012207, 3.9242775440216064, 1.6162537336349487, 1.8141255378723145, 3.1543655395507812]], "box_type_3d": "LiDAR"}