{"labels_3d": [0, 0, 0, 1, 1, 1, 1, 2, 2, 2, 2, 2], "scores_3d": [0.17555442452430725, 0.11103755235671997, 0.110150046646595, 0.5736057758331299, 0.5435082912445068, 0.5078105926513672, 0.2567034363746643, 0.9463493227958679, 0.9365172386169434, 0.7498425245285034, 0.30238837003707886, 0.1058109700679779], "bboxes_3d": [[4.1374125480651855, 2.3015060424804688, -1.8409678936004639, 0.6909103393554688, 0.7413322925567627, 1.644274115562439, -0.2661360502243042], [1.2723089456558228, 2.2439286708831787, -1.8748409748077393, 0.44223108887672424, 0.713303804397583, 1.6212431192398071, -1.2275882959365845], [4.775852680206299, -2.2079339027404785, -1.99684476852417, 0.5228607058525085, 0.6733294725418091, 1.5232536792755127, 4.506918907165527], [1.5008254051208496, -2.232783317565918, -2.011443853378296, 1.6390966176986694, 0.5157925486564636, 1.6579543352127075, 3.0899713039398193], [4.471277236938477, -2.2143733501434326, -1.9585952758789062, 1.6143549680709839, 0.5421171188354492, 1.68110990524292, 3.091641426086426], [9.942049026489258, 14.137810707092285, -1.8531379699707031, 1.6411494016647339, 0.4670484960079193, 1.57749342918396, 3.0313496589660645], [4.234052658081055, 2.2882816791534424, -1.8642417192459106, 1.5797901153564453, 0.596331000328064, 1.6970100402832031, 3.4930243492126465], [20.136796951293945, -6.643157482147217, -1.8571281433105469, 4.136582374572754, 1.6646063327789307, 1.6130529642105103, 0.0462263822555542], [10.237841606140137, -6.762104511260986, -1.9416847229003906, 4.411746978759766, 1.6844379901885986, 1.6367346048355103, 0.05511116981506348], [20.070236206054688, 6.044379711151123, -1.8688323497772217, 4.2491326332092285, 1.618652582168579, 1.4682245254516602, -0.025347471237182617], [11.73080062866211, 17.59013557434082, -1.8648558855056763, 3.8022594451904297, 1.5951241254806519, 1.8040443658828735, 3.1425726413726807], [3.4788637161254883, 1.0272055864334106, -1.8679835796356201, 4.205317497253418, 1.6916484832763672, 1.6220732927322388, 3.8053441047668457]], "box_type_3d": "LiDAR"}