{"labels_3d": [0, 1, 1, 1, 2, 2, 2], "scores_3d": [0.13094297051429749, 0.6651468873023987, 0.6328713893890381, 0.2978064715862274, 0.716457188129425, 0.5823754072189331, 0.3328714370727539], "bboxes_3d": [[0.3507993221282959, -2.464823007583618, -1.7934222221374512, 0.5484599471092224, 0.7024022340774536, 1.5365771055221558, 4.510082721710205], [15.76538372039795, 11.211459159851074, -1.87461256980896, 1.6204909086227417, 0.5176782011985779, 1.5687741041183472, 3.486693859100342], [3.093416690826416, -2.566014051437378, -1.8735754489898682, 1.6808186769485474, 0.539218544960022, 1.687294363975525, 3.028637170791626], [0.25475847721099854, -2.443988084793091, -1.7893508672714233, 1.7015019655227661, 0.5347577333450317, 1.6949470043182373, 2.977053642272949], [21.422636032104492, 14.585850715637207, -1.9952976703643799, 4.186092853546143, 1.6355676651000977, 1.3478108644485474, 3.081149101257324], [3.387417793273926, 10.99532413482666, -2.024212598800659, 4.218997955322266, 1.6972070932388306, 1.4876861572265625, 3.1151697635650635], [8.874214172363281, 14.576796531677246, -1.9448333978652954, 3.774660587310791, 1.5815366506576538, 1.79148268699646, 3.180955410003662]], "box_type_3d": "LiDAR"}