{"labels_3d": [2, 2, 2, 2, 2], "scores_3d": [0.6312313079833984, 0.2482452392578125, 0.23698067665100098, 0.1843564808368683, 0.13150475919246674], "bboxes_3d": [[20.064767837524414, -9.663078308105469, -1.1320767402648926, 3.941415309906006, 1.7367658615112305, 1.8311514854431152, 4.635899543762207], [25.29511260986328, 13.098590850830078, -1.2109163999557495, 4.3761982917785645, 1.8089996576309204, 2.130999803543091, 0.5851966142654419], [25.663633346557617, 27.27041244506836, -2.180361270904541, 3.9645941257476807, 1.6232318878173828, 1.5189279317855835, 4.034307956695557], [3.408508777618408, -33.95492935180664, -1.6980832815170288, 4.235095977783203, 1.6622450351715088, 1.5564048290252686, 3.377565860748291], [0.7537202835083008, 21.746456146240234, -1.6147336959838867, 3.743541717529297, 1.5679576396942139, 1.457817554473877, 1.4759851694107056]], "box_type_3d": "LiDAR"}