{"labels_3d": [1, 2, 2, 2], "scores_3d": [0.1513625830411911, 0.28722140192985535, 0.16795745491981506, 0.12006517499685287], "bboxes_3d": [[0.47548168897628784, -3.031466484069824, -1.8796463012695312, 1.802425503730774, 0.5600098371505737, 1.7002638578414917, 3.069180488586426], [28.058218002319336, 25.989946365356445, -2.681915760040283, 4.308444976806641, 1.713064432144165, 1.4501190185546875, 2.7665863037109375], [48.97018814086914, 38.242103576660156, -2.5146641731262207, 3.866945743560791, 1.5131536722183228, 1.5449438095092773, -1.4518531560897827], [36.16904830932617, 27.28082275390625, -2.086887836456299, 4.277951717376709, 1.5897935628890991, 1.581613540649414, 4.216329097747803]], "box_type_3d": "LiDAR"}