{"labels_3d": [1, 2, 2, 2], "scores_3d": [0.12629278004169464, 0.22155725955963135, 0.18980759382247925, 0.12429656088352203], "bboxes_3d": [[0.4616048038005829, -3.035764455795288, -1.8790392875671387, 1.7933512926101685, 0.5578232407569885, 1.684015154838562, 3.036025047302246], [65.9019546508789, -1.3077998161315918, -2.282259464263916, 4.358944892883301, 1.4587140083312988, 1.498810052871704, 1.8178597688674927], [28.122140884399414, 25.47816276550293, -2.505746603012085, 4.127206802368164, 1.7402702569961548, 1.4601787328720093, 3.0371382236480713], [67.89566802978516, 21.891202926635742, -2.1685924530029297, 4.131277084350586, 1.7212501764297485, 1.569786787033081, 3.1488940715789795]], "box_type_3d": "LiDAR"}