{"labels_3d": [1, 2, 2, 2], "scores_3d": [0.6373797059059143, 0.9849453568458557, 0.97230464220047, 0.16340965032577515], "bboxes_3d": [[9.845233917236328, 14.14241886138916, -1.9402306079864502, 1.6482943296432495, 0.5021871328353882, 1.6119836568832397, 3.217250347137451], [20.217838287353516, -6.713261127471924, -1.988368034362793, 4.360934734344482, 1.6798328161239624, 1.6444530487060547, 0.05767202377319336], [10.250219345092773, -6.7510151863098145, -2.01202654838562, 4.346608638763428, 1.693158745765686, 1.6798354387283325, 0.038558006286621094], [40.224246978759766, -6.6518683433532715, -2.019089698791504, 4.369936943054199, 1.7709190845489502, 1.7240031957626343, -0.015743613243103027]], "box_type_3d": "LiDAR"}