{"labels_3d": [1, 2, 2, 2, 2], "scores_3d": [0.6270936727523804, 0.9807896018028259, 0.9722598195075989, 0.47449415922164917, 0.13795964419841766], "bboxes_3d": [[9.95825481414795, 14.158648490905762, -1.8410542011260986, 1.6311635971069336, 0.5227957963943481, 1.5700750350952148, 3.2072744369506836], [20.138124465942383, -6.654026508331299, -1.894843339920044, 4.288113117218018, 1.6798133850097656, 1.6284091472625732, 0.06050455570220947], [10.204170227050781, -6.755577564239502, -1.9865481853485107, 4.403811931610107, 1.7028448581695557, 1.684339165687561, 0.0416567325592041], [40.23583984375, -6.619052886962891, -1.900698184967041, 4.3493733406066895, 1.6917076110839844, 1.5939780473709106, 0.06853330135345459], [11.905618667602539, 17.716197967529297, -1.9202382564544678, 3.9238359928131104, 1.6111137866973877, 1.779827356338501, 3.1629929542541504]], "box_type_3d": "LiDAR"}