{"labels_3d": [1, 2, 2, 2, 2], "scores_3d": [0.6930896639823914, 0.9824527502059937, 0.9783347249031067, 0.6188004612922668, 0.10267980396747589], "bboxes_3d": [[9.949252128601074, 14.17855453491211, -1.829712152481079, 1.6489003896713257, 0.5028665661811829, 1.5937377214431763, 3.2781453132629395], [20.16835594177246, -6.627145290374756, -1.9332077503204346, 4.212318420410156, 1.6758720874786377, 1.6238645315170288, 0.05541384220123291], [10.219355583190918, -6.745607376098633, -1.9784047603607178, 4.412121772766113, 1.6925128698349, 1.6444450616836548, 0.03482985496520996], [39.97380828857422, -6.663387775421143, -1.9453996419906616, 3.7056233882904053, 1.671556830406189, 1.7109081745147705, -0.007648110389709473], [11.864718437194824, 17.750045776367188, -1.9269795417785645, 3.831982135772705, 1.5946629047393799, 1.744510531425476, 3.1868410110473633]], "box_type_3d": "LiDAR"}