{"labels_3d": [1, 2, 2, 2, 2, 2, 2, 2, 2], "scores_3d": [0.5630061626434326, 0.9469401836395264, 0.9411762356758118, 0.8032761216163635, 0.7721033692359924, 0.6649209260940552, 0.6268243193626404, 0.16665630042552948, 0.12021104991436005], "bboxes_3d": [[9.94061279296875, 14.132149696350098, -1.9171974658966064, 1.642678141593933, 0.47615399956703186, 1.6394487619400024, 3.1558189392089844], [10.218086242675781, -6.753148078918457, -1.931093454360962, 4.388100624084473, 1.6782617568969727, 1.6174894571304321, 0.05062603950500488], [20.12630271911621, -6.634401321411133, -1.860924482345581, 4.115970611572266, 1.663722276687622, 1.609005331993103, 0.04463040828704834], [39.07070541381836, 17.47959327697754, -1.9475418329238892, 4.437371253967285, 1.6972750425338745, 1.4228157997131348, 3.1131200790405273], [11.772601127624512, 17.601816177368164, -1.902031660079956, 3.818845272064209, 1.570731282234192, 1.8158599138259888, 3.1440727710723877], [11.809494972229004, 24.608366012573242, -1.8989756107330322, 4.211374282836914, 1.6566574573516846, 1.4431442022323608, 3.238010883331299], [36.861968994140625, 20.95942497253418, -1.9915640354156494, 4.2194132804870605, 1.6744016408920288, 1.4331237077713013, 3.1182076930999756], [62.97751235961914, 20.76854133605957, -1.951656699180603, 3.6287424564361572, 1.6052265167236328, 1.6114304065704346, 3.001223564147949], [22.069974899291992, 29.907970428466797, -1.995316982269287, 3.8455264568328857, 1.6173895597457886, 1.4343631267547607, 3.1267080307006836]], "box_type_3d": "LiDAR"}