{"labels_3d": [1, 2, 2, 2, 2, 2, 2, 2, 2], "scores_3d": [0.6452091336250305, 0.9513152241706848, 0.9280830025672913, 0.8108494281768799, 0.7319761514663696, 0.5571697354316711, 0.48427894711494446, 0.22560736536979675, 0.1958457976579666], "bboxes_3d": [[9.937625885009766, 14.148051261901855, -1.8866920471191406, 1.6467965841293335, 0.46664729714393616, 1.640517234802246, 3.169379234313965], [20.163301467895508, -6.652383804321289, -1.8502283096313477, 4.199326515197754, 1.6680145263671875, 1.6160506010055542, 0.0552980899810791], [10.209148406982422, -6.759615421295166, -1.9425652027130127, 4.401610374450684, 1.6866110563278198, 1.6348339319229126, 0.05015230178833008], [11.788285255432129, 17.604524612426758, -1.8859189748764038, 3.789285659790039, 1.5745320320129395, 1.7570281028747559, 3.1155056953430176], [11.843393325805664, 24.60748863220215, -1.8909980058670044, 4.256925582885742, 1.669581413269043, 1.4566328525543213, 3.219165325164795], [36.78075408935547, 20.974084854125977, -2.018231153488159, 4.281846046447754, 1.6933364868164062, 1.46221125125885, 3.132845401763916], [38.94578552246094, 17.481334686279297, -1.9729634523391724, 4.429461479187012, 1.684979796409607, 1.501631259918213, 3.1040117740631104], [63.381221771240234, 20.80147361755371, -1.906172752380371, 4.025317192077637, 1.5886138677597046, 1.5490437746047974, 3.1898727416992188], [64.99910736083984, 24.617656707763672, -1.9926296472549438, 3.663139820098877, 1.6351187229156494, 1.6848597526550293, 3.0559425354003906]], "box_type_3d": "LiDAR"}