{"labels_3d": [0, 1, 1, 1, 2, 2, 2, 2, 2, 2, 2], "scores_3d": [0.2739681303501129, 0.4495308995246887, 0.1410696804523468, 0.1231834813952446, 0.9479466080665588, 0.9426851272583008, 0.7882436513900757, 0.4315161406993866, 0.2108101099729538, 0.17249156534671783, 0.13268119096755981], "bboxes_3d": [[3.9785873889923096, 2.217437505722046, -1.9317653179168701, 0.7884847521781921, 0.7338269352912903, 1.7473266124725342, 0.8134454488754272], [9.915728569030762, 14.149909973144531, -1.8439316749572754, 1.6485581398010254, 0.4570002853870392, 1.5427416563034058, 3.1206541061401367], [4.2373151779174805, 1.9980900287628174, -1.849374532699585, 1.7551331520080566, 0.6216337084770203, 1.736750841140747, 2.682891845703125], [4.443464279174805, -2.173696279525757, -2.0082170963287354, 1.6117525100708008, 0.5297763347625732, 1.6469322443008423, 3.5299882888793945], [20.216690063476562, -6.681971549987793, -1.8693020343780518, 4.296226978302002, 1.6834062337875366, 1.6373025178909302, 0.06668305397033691], [10.222396850585938, -6.762546062469482, -1.9423980712890625, 4.405590057373047, 1.6854902505874634, 1.6308561563491821, 0.04310953617095947], [20.09613609313965, 6.033596992492676, -1.8759958744049072, 4.210954666137695, 1.6194647550582886, 1.5016002655029297, -0.03862583637237549], [0.6682760119438171, 5.814284801483154, -1.9077069759368896, 3.5772900581359863, 1.515924096107483, 1.4412521123886108, -0.10123956203460693], [3.4769625663757324, -2.7664308547973633, -1.7979605197906494, 3.8978917598724365, 1.5691457986831665, 1.5275866985321045, 3.3783888816833496], [29.70120620727539, 6.092031478881836, -1.8978068828582764, 3.57702898979187, 1.5967411994934082, 1.4884235858917236, -0.09159409999847412], [11.770170211791992, 17.638219833374023, -1.8734384775161743, 3.8275043964385986, 1.6088546514511108, 1.792899489402771, 3.188114643096924]], "box_type_3d": "LiDAR"}