{"labels_3d": [0, 1, 1, 1, 2, 2, 2, 2, 2], "scores_3d": [0.3322170674800873, 0.5119688510894775, 0.17935216426849365, 0.12028880417346954, 0.9467629194259644, 0.9409226775169373, 0.6586819291114807, 0.4532354176044464, 0.19127435982227325], "bboxes_3d": [[3.97663950920105, 2.185458183288574, -1.9668209552764893, 0.7840500473976135, 0.7024121284484863, 1.7309551239013672, 1.0109049081802368], [9.900419235229492, 14.149813652038574, -1.855409860610962, 1.6557108163833618, 0.4828720986843109, 1.5833213329315186, 3.1276071071624756], [4.2153191566467285, 2.0336318016052246, -1.8846230506896973, 1.7493512630462646, 0.6105088591575623, 1.7066293954849243, -0.40511786937713623], [4.437045574188232, -2.1786327362060547, -2.0445594787597656, 1.6076185703277588, 0.534881591796875, 1.647924780845642, 3.5239362716674805], [10.218905448913574, -6.760227203369141, -1.9400999546051025, 4.402823448181152, 1.684432029724121, 1.6242387294769287, 0.048053741455078125], [20.224592208862305, -6.671840190887451, -1.915238857269287, 4.329555511474609, 1.6922543048858643, 1.6557282209396362, 0.051525115966796875], [20.173721313476562, 6.024991989135742, -1.9089748859405518, 4.293145656585693, 1.655421495437622, 1.6112571954727173, -0.03396141529083252], [0.6735566854476929, 5.8039774894714355, -1.900632381439209, 3.594364643096924, 1.51399827003479, 1.434540867805481, -0.10213255882263184], [3.4812936782836914, -2.7630109786987305, -1.8198747634887695, 3.8798768520355225, 1.5626484155654907, 1.5199041366577148, 3.3819046020507812]], "box_type_3d": "LiDAR"}