{"labels_3d": [0, 1, 1, 1, 2, 2, 2, 2, 2, 2], "scores_3d": [0.2322445511817932, 0.5033277869224548, 0.1357462853193283, 0.13218183815479279, 0.9397953748703003, 0.9330319762229919, 0.7127813100814819, 0.4339430034160614, 0.29299619793891907, 0.22394712269306183], "bboxes_3d": [[3.9634575843811035, 2.2006218433380127, -1.9303815364837646, 0.7647651433944702, 0.7430356740951538, 1.7562460899353027, 0.9278789758682251], [9.942521095275879, 14.177631378173828, -1.8384875059127808, 1.6324464082717896, 0.4584709107875824, 1.5843758583068848, 3.132723093032837], [4.2059221267700195, 1.9887702465057373, -1.856600284576416, 1.7644816637039185, 0.6141201853752136, 1.739585280418396, 2.6918578147888184], [4.448002338409424, -2.17997145652771, -2.0390286445617676, 1.6074943542480469, 0.5254903435707092, 1.6473350524902344, 3.487586736679077], [10.212298393249512, -6.741184711456299, -1.96555495262146, 4.435420513153076, 1.6992374658584595, 1.6559406518936157, 0.05595552921295166], [20.185670852661133, -6.661715984344482, -1.8884706497192383, 4.288291931152344, 1.6862941980361938, 1.6438807249069214, 0.0584254264831543], [20.167110443115234, 6.050772190093994, -1.891302227973938, 4.270285129547119, 1.643837332725525, 1.5474250316619873, -0.017344355583190918], [0.6398056149482727, 5.808488368988037, -1.8980648517608643, 3.58512020111084, 1.5114929676055908, 1.438368320465088, -0.10021305084228516], [29.903018951416016, 6.122519016265869, -1.8577892780303955, 3.9476959705352783, 1.6024763584136963, 1.4845768213272095, -0.05367422103881836], [3.4488348960876465, -2.765594959259033, -1.812330722808838, 3.8622682094573975, 1.5610836744308472, 1.5189180374145508, 3.344578266143799]], "box_type_3d": "LiDAR"}