{"labels_3d": [1, 1, 2, 2, 2, 2, 2, 2, 2, 2, 2, 2], "scores_3d": [0.4721948802471161, 0.1533515602350235, 0.9685757756233215, 0.942656934261322, 0.7486834526062012, 0.6813195943832397, 0.39337995648384094, 0.2705344557762146, 0.23056678473949432, 0.22127626836299896, 0.1618577092885971, 0.1474640816450119], "bboxes_3d": [[9.958040237426758, 14.163529396057129, -1.8071081638336182, 1.6490799188613892, 0.48169922828674316, 1.5498746633529663, 3.159630298614502], [39.587825775146484, 24.71466636657715, -2.025545835494995, 1.5531339645385742, 0.3517264723777771, 1.7001479864120483, 0.16763222217559814], [20.137907028198242, -6.632235050201416, -1.8541297912597656, 4.1453728675842285, 1.653860330581665, 1.6060761213302612, 0.05794262886047363], [10.234231948852539, -6.770587921142578, -1.954803228378296, 4.347835540771484, 1.6871808767318726, 1.6581807136535645, 0.04695463180541992], [40.21417999267578, -6.6008782386779785, -1.9065625667572021, 4.205534934997559, 1.6734870672225952, 1.7368415594100952, 0.07180607318878174], [36.815635681152344, 20.975004196166992, -1.9747525453567505, 4.311124324798584, 1.7167272567749023, 1.446645975112915, 3.1239237785339355], [38.80677795410156, 17.451120376586914, -2.064152240753174, 4.309994697570801, 1.6974668502807617, 1.44113290309906, 3.05942702293396], [64.98351287841797, 24.337766647338867, -1.932288646697998, 3.4909095764160156, 1.5593959093093872, 1.6666996479034424, 3.0014514923095703], [49.87898254394531, -2.531256914138794, -1.9234400987625122, 3.620547294616699, 1.6166270971298218, 1.5120093822479248, 0.0320429801940918], [11.718144416809082, 17.623138427734375, -1.8811242580413818, 3.876513719558716, 1.5904268026351929, 1.7143903970718384, 3.1205339431762695], [55.971595764160156, 28.334293365478516, -2.1944572925567627, 4.1053547859191895, 1.6327571868896484, 1.4597169160842896, 3.3500545024871826], [60.96445846557617, -2.629859447479248, -1.6743388175964355, 3.486262083053589, 1.5883179903030396, 1.529758095741272, -0.20039820671081543]], "box_type_3d": "LiDAR"}