{"labels_3d": [0, 1, 1, 2, 2, 2, 2, 2, 2, 2, 2, 2], "scores_3d": [0.11505197733640671, 0.7046809792518616, 0.2098873257637024, 0.977685809135437, 0.9351652264595032, 0.7594943046569824, 0.6760833263397217, 0.6011368036270142, 0.23734772205352783, 0.17790286242961884, 0.12804226577281952, 0.1220577284693718], "bboxes_3d": [[38.99467086791992, 24.483945846557617, -2.1622650623321533, 0.7112909555435181, 0.6407108306884766, 1.755821943283081, -1.036276936531067], [9.853964805603027, 14.148516654968262, -1.9601033926010132, 1.6370441913604736, 0.5274950265884399, 1.619835615158081, 3.123505115509033], [39.21934127807617, 24.706180572509766, -2.068856954574585, 1.62783682346344, 0.401082843542099, 1.7381281852722168, 0.1697767972946167], [20.190135955810547, -6.702736854553223, -1.962331771850586, 4.289742469787598, 1.6853240728378296, 1.6536575555801392, 0.05685293674468994], [10.26905632019043, -6.780150890350342, -1.9813640117645264, 4.391678333282471, 1.6965128183364868, 1.6871970891952515, 0.032166361808776855], [36.97809600830078, 20.9680233001709, -2.017352819442749, 4.26253080368042, 1.7084115743637085, 1.4373400211334229, 3.1429309844970703], [39.99650573730469, -6.561530113220215, -2.0107545852661133, 3.8516035079956055, 1.672214388847351, 1.707141637802124, 0.04017364978790283], [38.9122314453125, 17.474679946899414, -1.9320952892303467, 4.411107540130615, 1.715725302696228, 1.465398907661438, 2.9848875999450684], [63.030853271484375, 21.00466537475586, -2.030984401702881, 4.011417865753174, 1.6565502882003784, 1.604841709136963, 3.175463914871216], [51.08259963989258, 25.901941299438477, -2.321904420852661, 4.16171932220459, 1.6316289901733398, 1.4428666830062866, 3.554004669189453], [36.22880554199219, 29.92353057861328, -2.1487529277801514, 3.7686009407043457, 1.640921950340271, 1.4360040426254272, -0.03331005573272705], [11.919013977050781, 17.72772979736328, -1.999406099319458, 3.9677863121032715, 1.6117559671401978, 1.8479617834091187, 3.129408597946167]], "box_type_3d": "LiDAR"}