{"labels_3d": [1, 1, 2, 2, 2, 2, 2, 2, 2, 2, 2, 2], "scores_3d": [0.5054079294204712, 0.2276284247636795, 0.9644719958305359, 0.9501737356185913, 0.7466385960578918, 0.7186177968978882, 0.534952700138092, 0.1749536395072937, 0.1383715271949768, 0.1330157220363617, 0.12923380732536316, 0.11794323474168777], "bboxes_3d": [[9.931375503540039, 14.1511869430542, -1.8812060356140137, 1.661219835281372, 0.5019896030426025, 1.5980230569839478, 3.0912864208221436], [39.603755950927734, 24.712413787841797, -1.994446039199829, 1.5738006830215454, 0.34164661169052124, 1.7026773691177368, 0.22649574279785156], [20.1061954498291, -6.64382791519165, -1.8444551229476929, 4.15783166885376, 1.654062271118164, 1.5997841358184814, 0.04926478862762451], [10.252094268798828, -6.76820707321167, -1.9522042274475098, 4.357353210449219, 1.685930848121643, 1.6547232866287231, 0.04509735107421875], [36.86094284057617, 20.93303108215332, -1.9431297779083252, 4.2144951820373535, 1.6635560989379883, 1.4273954629898071, 3.1311190128326416], [38.994258880615234, 17.464115142822266, -1.9472925662994385, 4.495594501495361, 1.7272189855575562, 1.495202660560608, 3.1214587688446045], [40.165924072265625, -6.62930965423584, -1.8954330682754517, 4.025114059448242, 1.6502325534820557, 1.6239993572235107, 0.04739415645599365], [41.21434020996094, 33.96329879760742, -2.161870002746582, 4.102072238922119, 1.6608723402023315, 1.4868998527526855, 3.6437721252441406], [11.794888496398926, 17.635623931884766, -1.8802592754364014, 3.852938652038574, 1.604730248451233, 1.8330031633377075, 3.133301019668579], [41.91356658935547, -16.697465896606445, -1.8826216459274292, 3.807086706161499, 1.5203732252120972, 1.4228262901306152, 3.1762185096740723], [55.942928314208984, 28.341764450073242, -1.997818112373352, 3.913614273071289, 1.5645617246627808, 1.4717998504638672, 3.2841665744781494], [50.00544357299805, -1.8343688249588013, -1.9210519790649414, 4.337440013885498, 1.6891005039215088, 1.5541611909866333, 0.5139428377151489]], "box_type_3d": "LiDAR"}