{"labels_3d": [1, 2, 2, 2, 2, 2, 2, 2, 2, 2, 2], "scores_3d": [0.46456241607666016, 0.966370165348053, 0.9515897631645203, 0.7806988954544067, 0.7496804594993591, 0.715835452079773, 0.3669714629650116, 0.20944471657276154, 0.17777150869369507, 0.1637667566537857, 0.14482656121253967], "bboxes_3d": [[9.934730529785156, 14.133155822753906, -1.8698580265045166, 1.6487492322921753, 0.5081595182418823, 1.5772727727890015, 3.13492488861084], [20.096458435058594, -6.617232799530029, -1.8605180978775024, 4.023555278778076, 1.6513804197311401, 1.5924766063690186, 0.049970030784606934], [10.250710487365723, -6.770107746124268, -1.9453010559082031, 4.339649200439453, 1.6786037683486938, 1.6464942693710327, 0.048934340476989746], [39.04996871948242, 17.472070693969727, -1.9421467781066895, 4.482954978942871, 1.716796875, 1.427647352218628, 3.0998153686523438], [36.900394439697266, 20.955774307250977, -1.9505195617675781, 4.278876781463623, 1.6908987760543823, 1.4431630373001099, 3.124969959259033], [40.13435745239258, -6.544334888458252, -1.8879399299621582, 4.199959754943848, 1.664531946182251, 1.5896894931793213, 0.0888744592666626], [49.769317626953125, -2.6224799156188965, -1.9415727853775024, 3.522854804992676, 1.6345547437667847, 1.5510163307189941, -0.09351110458374023], [61.07254409790039, -2.5791702270507812, -1.7426776885986328, 3.600844383239746, 1.6149736642837524, 1.5490188598632812, -0.01284027099609375], [11.762214660644531, 17.61366081237793, -1.8861267566680908, 3.897249221801758, 1.6072895526885986, 1.7983137369155884, 3.1632678508758545], [50.076786041259766, 25.519441604614258, -2.10201358795166, 3.9728572368621826, 1.616471529006958, 1.4508347511291504, 3.5074634552001953], [41.74346160888672, 32.69950485229492, -2.0570664405822754, 4.370077610015869, 1.6919158697128296, 1.4638208150863647, 2.4619994163513184]], "box_type_3d": "LiDAR"}