{"labels_3d": [1, 1, 2, 2, 2, 2, 2, 2, 2, 2, 2, 2], "scores_3d": [0.6099225282669067, 0.41181957721710205, 0.9794283509254456, 0.9617699980735779, 0.9550912976264954, 0.8664644360542297, 0.8029483556747437, 0.8029190301895142, 0.6499866247177124, 0.455192893743515, 0.39926648139953613, 0.28652483224868774], "bboxes_3d": [[9.924969673156738, 14.148079872131348, -1.861372947692871, 1.6582432985305786, 0.4850355088710785, 1.5502170324325562, 3.2558207511901855], [39.11071014404297, 24.68772315979004, -2.068444013595581, 1.6170235872268677, 0.3884246051311493, 1.7147380113601685, -0.1400216817855835], [20.19082260131836, -6.6680908203125, -1.9081660509109497, 4.293348789215088, 1.6837738752365112, 1.6391758918762207, 0.05004262924194336], [20.147489547729492, 6.030195236206055, -1.9113094806671143, 4.5097784996032715, 1.6512936353683472, 1.5195626020431519, -0.0409088134765625], [10.250286102294922, -6.7642340660095215, -1.9640839099884033, 4.360590934753418, 1.688929796218872, 1.6605168581008911, 0.04047238826751709], [39.12771987915039, 17.51543426513672, -1.9643832445144653, 4.473293304443359, 1.7603733539581299, 1.4052345752716064, 3.108342170715332], [29.823654174804688, 6.112486839294434, -1.8977456092834473, 3.799433946609497, 1.623678207397461, 1.517011046409607, -0.04703414440155029], [36.962135314941406, 21.01149559020996, -1.9681861400604248, 4.424531936645508, 1.7471674680709839, 1.4365471601486206, 3.117551326751709], [39.968711853027344, -6.627841472625732, -1.9193012714385986, 3.661994695663452, 1.6807717084884644, 1.6764899492263794, 0.015324711799621582], [0.6733951568603516, 5.80352258682251, -1.9141650199890137, 3.597480535507202, 1.5162683725357056, 1.440606951713562, -0.10208594799041748], [49.76092529296875, 6.109629154205322, -1.9284980297088623, 3.575474262237549, 1.6129848957061768, 1.5917905569076538, -0.07839059829711914], [67.2886734008789, 24.668319702148438, -1.6045355796813965, 4.095314979553223, 1.6755106449127197, 1.5533620119094849, 0.04795408248901367]], "box_type_3d": "LiDAR"}