{"labels_3d": [1, 1, 2, 2, 2, 2, 2, 2, 2, 2, 2, 2, 2], "scores_3d": [0.6238176226615906, 0.25411859154701233, 0.9760974645614624, 0.9513987898826599, 0.9482567310333252, 0.8460311889648438, 0.8322433233261108, 0.6870126128196716, 0.6094130277633667, 0.46253231167793274, 0.4355841279029846, 0.25483983755111694, 0.2170192450284958], "bboxes_3d": [[10.000242233276367, 14.181297302246094, -1.824030876159668, 1.6419280767440796, 0.4937995970249176, 1.5660393238067627, 3.244199752807617], [4.1252593994140625, 2.2285549640655518, -1.9616491794586182, 1.6316008567810059, 0.5278565883636475, 1.6900736093521118, 2.8339591026306152], [20.162742614746094, -6.6640167236328125, -1.8729267120361328, 4.270856857299805, 1.6788910627365112, 1.6206700801849365, 0.06241118907928467], [20.144845962524414, 6.030822277069092, -1.9279009103775024, 4.50352144241333, 1.6602352857589722, 1.5323715209960938, -0.04258072376251221], [10.231315612792969, -6.76977014541626, -1.9846147298812866, 4.393453598022461, 1.7035974264144897, 1.6885955333709717, 0.05254793167114258], [29.77077865600586, 6.112602710723877, -1.8745081424713135, 3.772214412689209, 1.6253107786178589, 1.5107005834579468, -0.05252337455749512], [39.102630615234375, 17.503646850585938, -1.9461658000946045, 4.540297508239746, 1.7414648532867432, 1.4659416675567627, 3.1147398948669434], [36.68147277832031, 21.009620666503906, -2.008240222930908, 4.1154704093933105, 1.6735481023788452, 1.4611271619796753, 3.089616298675537], [40.2415771484375, -6.7021307945251465, -1.8603713512420654, 4.595895290374756, 1.7205276489257812, 1.6614841222763062, 0.03042149543762207], [49.626922607421875, 6.213047027587891, -1.956697702407837, 3.400820016860962, 1.611108422279358, 1.5759731531143188, -0.017189741134643555], [0.6397749185562134, 5.808107852935791, -1.9097626209259033, 3.587724208831787, 1.5135198831558228, 1.443461537361145, -0.10018503665924072], [54.02570724487305, 26.649473190307617, -2.1580817699432373, 4.061585426330566, 1.6291229724884033, 1.44858717918396, 3.3892574310302734], [3.802598237991333, -2.7278358936309814, -1.9719345569610596, 3.6765828132629395, 1.547939419746399, 1.4495362043380737, 3.4268898963928223]], "box_type_3d": "LiDAR"}