{"labels_3d": [1, 1, 2, 2, 2, 2, 2, 2, 2, 2, 2, 2, 2], "scores_3d": [0.6381628513336182, 0.25719770789146423, 0.9816193580627441, 0.9570502638816833, 0.9500377178192139, 0.8298296928405762, 0.751034140586853, 0.6834471821784973, 0.6732101440429688, 0.49254274368286133, 0.43243899941444397, 0.28969240188598633, 0.2617039382457733], "bboxes_3d": [[9.89995288848877, 14.154478073120117, -1.857616901397705, 1.6385598182678223, 0.4944382905960083, 1.5579825639724731, 3.2090721130371094], [4.145118236541748, 2.2270612716674805, -1.9526350498199463, 1.6298680305480957, 0.5253089666366577, 1.688472867012024, 2.8221607208251953], [20.158838272094727, -6.661143779754639, -1.8660902976989746, 4.217859268188477, 1.6663732528686523, 1.6070929765701294, 0.05959153175354004], [20.135570526123047, 6.016988277435303, -1.928260087966919, 4.465827941894531, 1.6544827222824097, 1.527021050453186, -0.05105185508728027], [10.256951332092285, -6.766942501068115, -1.9694557189941406, 4.331991195678711, 1.690942645072937, 1.67363703250885, 0.037705302238464355], [29.730335235595703, 6.106822490692139, -1.8932271003723145, 3.6232712268829346, 1.6034024953842163, 1.4816685914993286, -0.04112362861633301], [40.05171585083008, -6.628745079040527, -1.9091618061065674, 3.8284661769866943, 1.6686058044433594, 1.6525150537490845, 0.012652993202209473], [36.81344223022461, 20.98772430419922, -2.011524200439453, 4.302211284637451, 1.7074826955795288, 1.5584359169006348, 3.0834364891052246], [39.09329605102539, 17.484968185424805, -1.9658101797103882, 4.479207515716553, 1.6966005563735962, 1.4249627590179443, 3.1303324699401855], [49.70854187011719, 6.212532997131348, -1.9467015266418457, 3.516153573989868, 1.597693681716919, 1.5386505126953125, 0.004257917404174805], [0.6682076454162598, 5.814087390899658, -1.9141846895217896, 3.5787618160247803, 1.5170493125915527, 1.4441299438476562, -0.10125362873077393], [36.44405746459961, 29.944334030151367, -2.1151528358459473, 4.024387359619141, 1.6541178226470947, 1.4044785499572754, 3.120844841003418], [54.025386810302734, 26.65301513671875, -2.1869874000549316, 4.073722839355469, 1.6350793838500977, 1.455149531364441, 3.4099297523498535]], "box_type_3d": "LiDAR"}