{"labels_3d": [2, 2, 2, 2, 2], "scores_3d": [0.6312313079833984, 0.232670396566391, 0.18600022792816162, 0.13150529563426971, 0.12602312862873077], "bboxes_3d": [[20.064767837524414, -9.663078308105469, -1.1320767402648926, 3.941415309906006, 1.7367658615112305, 1.8311514854431152, 4.635899543762207], [25.665611267089844, 27.24149513244629, -2.2331457138061523, 3.9435231685638428, 1.6314748525619507, 1.5319403409957886, 4.0336594581604], [25.19883155822754, 13.188316345214844, -1.2435481548309326, 4.215806007385254, 1.7409616708755493, 1.9429062604904175, 0.6532078981399536], [0.7537180185317993, 21.746458053588867, -1.6145808696746826, 3.7434113025665283, 1.5679075717926025, 1.4577358961105347, 1.4759823083877563], [3.2796857357025146, -35.46304702758789, -1.4761059284210205, 4.151699542999268, 1.6688692569732666, 1.5787396430969238, 2.5489039421081543]], "box_type_3d": "LiDAR"}