{"labels_3d": [1, 1, 2, 2, 2, 2, 2, 2, 2, 2], "scores_3d": [0.6373734474182129, 0.23172558844089508, 0.9850435256958008, 0.953471302986145, 0.8257192969322205, 0.8064696788787842, 0.45624518394470215, 0.17757397890090942, 0.15911254286766052, 0.14268574118614197], "bboxes_3d": [[9.845232963562012, 14.14241886138916, -1.9402029514312744, 1.6482824087142944, 0.5021789073944092, 1.6119639873504639, 3.2172491550445557], [39.12662124633789, 24.667997360229492, -2.112043619155884, 1.5808274745941162, 0.3334498107433319, 1.6460479497909546, 0.01585555076599121], [20.220775604248047, -6.705399036407471, -1.990809679031372, 4.361662864685059, 1.6801220178604126, 1.6429699659347534, 0.055291056632995605], [10.2893705368042, -6.756789684295654, -2.0063958168029785, 4.245840072631836, 1.6822813749313354, 1.6692837476730347, 0.037503957748413086], [36.78693389892578, 21.004566192626953, -2.016953945159912, 4.272645473480225, 1.7117713689804077, 1.5314204692840576, 3.0881266593933105], [38.99716567993164, 17.5217342376709, -2.0109081268310547, 4.502166271209717, 1.7620044946670532, 1.5140396356582642, 3.152381420135498], [63.20844650268555, 20.979637145996094, -1.9605252742767334, 4.282711029052734, 1.6908867359161377, 1.5358399152755737, 3.007009983062744], [67.20930480957031, 24.41265869140625, -1.7208902835845947, 3.905823230743408, 1.6339863538742065, 1.5288883447647095, -0.026006340980529785], [40.22124099731445, -6.654247760772705, -2.0038628578186035, 4.361735820770264, 1.7643930912017822, 1.7195641994476318, -0.0045365095138549805], [48.32414627075195, 23.93178367614746, -2.1529459953308105, 4.09332799911499, 1.6309452056884766, 1.4533932209014893, 3.4443883895874023]], "box_type_3d": "LiDAR"}