{"labels_3d": [1, 1, 2, 2, 2, 2, 2, 2, 2, 2, 2], "scores_3d": [0.6930440068244934, 0.28331607580184937, 0.9815133810043335, 0.9542842507362366, 0.7639681696891785, 0.7345245480537415, 0.5519297122955322, 0.2859381437301636, 0.27490735054016113, 0.26061323285102844, 0.14873291552066803], "bboxes_3d": [[9.949267387390137, 14.178557395935059, -1.8296856880187988, 1.6489015817642212, 0.5028602480888367, 1.5937191247940063, 3.278151512145996], [39.260009765625, 24.652000427246094, -1.9838752746582031, 1.6769952774047852, 0.4453679025173187, 1.7193111181259155, 0.15951323509216309], [20.176889419555664, -6.634243488311768, -1.9286184310913086, 4.226673603057861, 1.6767538785934448, 1.6315685510635376, 0.05384671688079834], [10.254534721374512, -6.753631114959717, -1.9828412532806396, 4.3676886558532715, 1.6929149627685547, 1.6631698608398438, 0.037049293518066406], [38.96567153930664, 17.459712982177734, -1.9354233741760254, 4.385064125061035, 1.7085214853286743, 1.45191490650177, 3.1031582355499268], [36.91729736328125, 21.00661277770996, -2.006239414215088, 4.364034652709961, 1.7469360828399658, 1.5176383256912231, 3.076766014099121], [39.955570220947266, -6.658405780792236, -1.944162368774414, 3.6647157669067383, 1.6669737100601196, 1.720960021018982, 0.018180489540100098], [53.98079299926758, 26.678726196289062, -2.2589850425720215, 4.131552696228027, 1.664563775062561, 1.4539408683776855, 3.503706455230713], [37.489967346191406, 28.68515396118164, -2.147106170654297, 4.339188098907471, 1.7230881452560425, 1.4602911472320557, 3.13063907623291], [65.5066146850586, 24.378257751464844, -1.802042007446289, 4.192303657531738, 1.7130941152572632, 1.5342789888381958, 3.1184351444244385], [63.11311721801758, 21.051578521728516, -1.9716718196868896, 4.202006816864014, 1.6099485158920288, 1.5046305656433105, 2.9333763122558594]], "box_type_3d": "LiDAR"}