{"labels_3d": [1, 1, 2, 2, 2, 2, 2, 2, 2, 2, 2], "scores_3d": [0.6955136060714722, 0.2057359516620636, 0.9395240545272827, 0.932193398475647, 0.8461444973945618, 0.8136670589447021, 0.8097202777862549, 0.7881386876106262, 0.21729864180088043, 0.1794336885213852, 0.12469130009412766], "bboxes_3d": [[9.926714897155762, 14.161931037902832, -1.897834062576294, 1.6196389198303223, 0.4855564534664154, 1.6370943784713745, 3.1848902702331543], [39.2945671081543, 24.702350616455078, -2.047910451889038, 1.6249829530715942, 0.3618467152118683, 1.6675351858139038, 0.21830332279205322], [20.172086715698242, -6.676929473876953, -1.8998172283172607, 4.318691730499268, 1.689061164855957, 1.6637715101242065, 0.05875122547149658], [10.221115112304688, -6.747985363006592, -1.966253399848938, 4.416750431060791, 1.6990365982055664, 1.6604387760162354, 0.04610419273376465], [39.16189956665039, 17.4973087310791, -1.9538487195968628, 4.5957183837890625, 1.7704689502716064, 1.4423537254333496, 3.089312791824341], [36.8559455871582, 21.05784797668457, -1.9754624366760254, 4.329040050506592, 1.7269998788833618, 1.479041337966919, 3.0576539039611816], [11.940290451049805, 24.63315200805664, -1.911658525466919, 4.5646796226501465, 1.7221373319625854, 1.4406293630599976, 3.155745267868042], [11.860859870910645, 17.601661682128906, -1.9354708194732666, 3.8776750564575195, 1.5878671407699585, 1.8620158433914185, 3.1367669105529785], [22.612585067749023, 29.90489387512207, -1.9846179485321045, 3.9248154163360596, 1.5964473485946655, 1.4272758960723877, 3.161468505859375], [67.195556640625, 24.74714469909668, -1.5880496501922607, 3.9194424152374268, 1.6171903610229492, 1.5024410486221313, 0.05424654483795166], [47.13041305541992, 23.633691787719727, -1.9080092906951904, 4.038384437561035, 1.6239174604415894, 1.4637080430984497, 3.705409049987793]], "box_type_3d": "LiDAR"}