{"labels_3d": [1, 1, 2, 2, 2, 2, 2, 2, 2, 2, 2], "scores_3d": [0.6886073350906372, 0.265485942363739, 0.9488690495491028, 0.9185221195220947, 0.8654650449752808, 0.840453028678894, 0.8037900924682617, 0.7253319621086121, 0.23344294726848602, 0.1545068770647049, 0.13330353796482086], "bboxes_3d": [[9.914460182189941, 14.163213729858398, -1.877411961555481, 1.656671404838562, 0.4885374903678894, 1.6325502395629883, 3.281831741333008], [39.25587463378906, 24.64234733581543, -1.9879270792007446, 1.688355803489685, 0.420014351606369, 1.725966215133667, 0.16065633296966553], [10.2263822555542, -6.745172500610352, -1.9660381078720093, 4.407002925872803, 1.6892890930175781, 1.6297390460968018, 0.04024076461791992], [20.192453384399414, -6.659721374511719, -1.9157626628875732, 4.336941242218018, 1.6862674951553345, 1.6633232831954956, 0.04984855651855469], [11.905535697937012, 24.662065505981445, -1.8916699886322021, 4.564582824707031, 1.7185249328613281, 1.435222864151001, 3.1787545680999756], [39.050209045410156, 17.45847511291504, -1.939079761505127, 4.484908103942871, 1.744012713432312, 1.4666386842727661, 3.1245627403259277], [11.823098182678223, 17.591793060302734, -1.929466724395752, 3.8209686279296875, 1.5904918909072876, 1.8235114812850952, 3.1485166549682617], [36.84929275512695, 21.038240432739258, -2.0170562267303467, 4.329730033874512, 1.7399955987930298, 1.4903984069824219, 3.0587329864501953], [63.168373107910156, 20.961135864257812, -1.9147698879241943, 4.188174724578857, 1.6295557022094727, 1.515331506729126, 3.0091147422790527], [26.317394256591797, 29.905498504638672, -2.0914502143859863, 3.806448221206665, 1.649670958518982, 1.3848719596862793, 3.0983505249023438], [54.12531661987305, 26.708999633789062, -2.203230857849121, 4.19084358215332, 1.6516109704971313, 1.4592646360397339, 3.5183889865875244]], "box_type_3d": "LiDAR"}