{"labels_3d": [1, 2, 2, 2, 2, 2, 2, 2, 2, 2, 2], "scores_3d": [0.720359206199646, 0.9477769732475281, 0.9359784126281738, 0.8264517188072205, 0.8230560421943665, 0.7785047292709351, 0.7494969367980957, 0.155843123793602, 0.14795073866844177, 0.14196564257144928, 0.13454440236091614], "bboxes_3d": [[9.89163875579834, 14.187820434570312, -1.9273605346679688, 1.6215592622756958, 0.4845893979072571, 1.6474590301513672, 3.250596046447754], [10.222183227539062, -6.7428717613220215, -1.9576689004898071, 4.385307788848877, 1.685773253440857, 1.6171433925628662, 0.04900848865509033], [20.20404624938965, -6.676081657409668, -1.8911327123641968, 4.300466060638428, 1.6790322065353394, 1.624912977218628, 0.03410327434539795], [11.789050102233887, 17.59149742126465, -1.93587064743042, 3.818898916244507, 1.5867249965667725, 1.8482232093811035, 3.1582250595092773], [39.027217864990234, 17.462427139282227, -1.9735746383666992, 4.440534591674805, 1.7173048257827759, 1.4207552671432495, 3.1148767471313477], [11.796235084533691, 24.610088348388672, -1.8882752656936646, 4.288540840148926, 1.682867407798767, 1.477168083190918, 3.1724703311920166], [36.809383392333984, 21.02303695678711, -2.012136697769165, 4.305609226226807, 1.7268327474594116, 1.4829171895980835, 3.0880181789398193], [67.33983612060547, 24.689807891845703, -1.5170598030090332, 4.215881824493408, 1.6832202672958374, 1.5189776420593262, 0.15030813217163086], [47.01919937133789, 23.54110336303711, -1.9027442932128906, 4.231109619140625, 1.6936476230621338, 1.4706588983535767, 3.585813522338867], [63.21704864501953, 20.94444465637207, -1.88466215133667, 4.235438346862793, 1.646254539489746, 1.4851118326187134, 3.115949869155884], [31.773956298828125, 34.90843963623047, -2.5505764484405518, 3.8506264686584473, 1.508409023284912, 1.5314900875091553, 4.169017314910889]], "box_type_3d": "LiDAR"}