{"labels_3d": [1, 1, 1, 2, 2, 2, 2, 2, 2, 2, 2, 2], "scores_3d": [0.682383120059967, 0.3139311969280243, 0.115236796438694, 0.9506596326828003, 0.9214220643043518, 0.8100112676620483, 0.7877922654151917, 0.7746734023094177, 0.7504512071609497, 0.22143013775348663, 0.16038809716701508, 0.13151969015598297], "bboxes_3d": [[9.953957557678223, 14.17671012878418, -1.8947796821594238, 1.6075910329818726, 0.48422446846961975, 1.633448839187622, 3.2112789154052734], [39.22042465209961, 24.66183090209961, -2.1054770946502686, 1.615873098373413, 0.3529512584209442, 1.6814086437225342, 0.19623756408691406], [37.10041809082031, 14.097423553466797, -1.875279188156128, 1.6922792196273804, 0.5770174860954285, 1.697478175163269, -1.252362847328186], [10.233612060546875, -6.7445526123046875, -1.9524331092834473, 4.371689796447754, 1.6859489679336548, 1.6362853050231934, 0.04780697822570801], [20.17066192626953, -6.659709453582764, -1.9063477516174316, 4.315974235534668, 1.679345965385437, 1.6511400938034058, 0.042548418045043945], [11.860925674438477, 24.628873825073242, -1.8977737426757812, 4.357403755187988, 1.6917511224746704, 1.4715582132339478, 3.1784820556640625], [36.88905334472656, 20.99712371826172, -1.9909956455230713, 4.323019504547119, 1.711530089378357, 1.452195405960083, 3.126364231109619], [39.10635757446289, 17.484359741210938, -1.9845250844955444, 4.579527378082275, 1.7568578720092773, 1.4326708316802979, 3.101986885070801], [11.845947265625, 17.599992752075195, -1.936018705368042, 3.851137399673462, 1.589851975440979, 1.8705147504806519, 3.1485674381256104], [63.314144134521484, 20.778669357299805, -1.8456048965454102, 4.291223526000977, 1.6347830295562744, 1.5245033502578735, 3.023930788040161], [33.461585998535156, 29.884021759033203, -2.095613956451416, 4.06265926361084, 1.6910858154296875, 1.4332859516143799, 3.1104769706726074], [53.57394790649414, 26.391176223754883, -2.1661713123321533, 4.046575546264648, 1.656170129776001, 1.4559836387634277, 3.601822853088379]], "box_type_3d": "LiDAR"}