{"labels_3d": [1, 2, 2, 2, 2, 2, 2, 2, 2, 2], "scores_3d": [0.7187097668647766, 0.9598367214202881, 0.9352521896362305, 0.8638509511947632, 0.7910085916519165, 0.779210090637207, 0.6861682534217834, 0.5812773108482361, 0.1731400191783905, 0.11500391364097595], "bboxes_3d": [[9.881720542907715, 14.16091537475586, -2.0098483562469482, 1.6273425817489624, 0.49910375475883484, 1.6480172872543335, 3.1718640327453613], [20.28253746032715, -6.722609519958496, -1.9728167057037354, 4.425207138061523, 1.700588583946228, 1.687512755393982, 0.048537611961364746], [10.27486515045166, -6.741612911224365, -1.995309829711914, 4.382773399353027, 1.6890207529067993, 1.6395026445388794, 0.04458284378051758], [39.024845123291016, 17.52285385131836, -1.996588945388794, 4.562647819519043, 1.783969759941101, 1.5558480024337769, 3.155060291290283], [36.76225280761719, 21.026016235351562, -2.0301153659820557, 4.243827819824219, 1.7180885076522827, 1.5171838998794556, 3.093198537826538], [11.901346206665039, 24.63958168029785, -2.0220751762390137, 4.416574954986572, 1.7538782358169556, 1.5430666208267212, 3.191375255584717], [11.865540504455566, 17.599071502685547, -2.0325417518615723, 3.909146308898926, 1.6115728616714478, 1.9452862739562988, 3.155261278152466], [63.22224807739258, 20.966093063354492, -1.9343230724334717, 4.094511985778809, 1.6584728956222534, 1.4925663471221924, 3.0347609519958496], [22.9766902923584, 29.972726821899414, -2.0448012351989746, 4.510714530944824, 1.7565196752548218, 1.4759576320648193, 3.0967440605163574], [48.330448150634766, 23.930444717407227, -2.1399998664855957, 4.06284236907959, 1.6338154077529907, 1.451013207435608, 3.435417413711548]], "box_type_3d": "LiDAR"}