{"labels_3d": [0, 2, 2, 2, 2, 2], "scores_3d": [0.14854243397712708, 0.5793485045433044, 0.24194875359535217, 0.23788240551948547, 0.1906162053346634, 0.13147176802158356], "bboxes_3d": [[36.8059196472168, -2.215818166732788, -0.9023690819740295, 0.9289779663085938, 0.707721471786499, 1.9052467346191406, 2.9591455459594727], [20.044158935546875, -9.587943077087402, -1.1379765272140503, 3.8603851795196533, 1.7307335138320923, 1.8367323875427246, 4.629445552825928], [25.267004013061523, 13.12945556640625, -1.25559401512146, 4.331330299377441, 1.7942405939102173, 2.102691888809204, 0.574626088142395], [25.663259506225586, 27.25495147705078, -2.1856002807617188, 3.9595327377319336, 1.6250633001327515, 1.5206727981567383, 4.032375812530518], [3.3946852684020996, -33.95472717285156, -1.6971315145492554, 4.256505012512207, 1.666589617729187, 1.5573194026947021, 3.380627155303955], [0.7536704540252686, 21.74646759033203, -1.613222360610962, 3.7427618503570557, 1.5676109790802002, 1.4572126865386963, 1.475976586341858]], "box_type_3d": "LiDAR"}