{"labels_3d": [1, 2, 2, 2], "scores_3d": [0.7046800851821899, 0.9609257578849792, 0.8916731476783752, 0.1220577284693718], "bboxes_3d": [[9.85395622253418, 14.148516654968262, -1.9600284099578857, 1.6370501518249512, 0.5274943709373474, 1.6197854280471802, 3.1235058307647705], [20.209314346313477, -6.700141906738281, -1.9628103971481323, 4.3062028884887695, 1.694994330406189, 1.6623797416687012, 0.053951144218444824], [10.264570236206055, -6.7276506423950195, -2.03715181350708, 4.177467346191406, 1.6745121479034424, 1.8002641201019287, 0.02806878089904785], [11.919013977050781, 17.72772979736328, -1.999406099319458, 3.9677863121032715, 1.6117559671401978, 1.8479617834091187, 3.129408597946167]], "box_type_3d": "LiDAR"}