{"labels_3d": [0, 1, 1, 2, 2, 2, 2, 2, 2], "scores_3d": [0.41039514541625977, 0.6896474361419678, 0.14037494361400604, 0.8406310081481934, 0.43491512537002563, 0.2552373707294464, 0.16541831195354462, 0.10849292576313019, 0.1008630096912384], "bboxes_3d": [[2.686424493789673, 2.105952262878418, -1.91937255859375, 0.8289480209350586, 0.6276090145111084, 1.6700540781021118, 0.27522480487823486], [15.766634941101074, 11.19918155670166, -2.010802984237671, 1.6769680976867676, 0.5240669250488281, 1.6315093040466309, 3.179202079772949], [2.8116064071655273, 1.8773442506790161, -1.780792236328125, 1.789862871170044, 0.6548550128936768, 1.6915547847747803, -1.5018094778060913], [30.178316116333008, -8.71399211883545, -2.14982271194458, 4.5194268226623535, 1.8014487028121948, 1.6572550535202026, -1.5502277612686157], [3.2088425159454346, 11.026580810546875, -2.041196823120117, 4.5652384757995605, 1.7645171880722046, 1.5055382251739502, 3.1625442504882812], [21.51197052001953, 14.574759483337402, -2.0644702911376953, 4.4298481941223145, 1.6933081150054932, 1.3996312618255615, 3.0737743377685547], [50.8602180480957, -27.105712890625, -1.6246514320373535, 3.8469879627227783, 1.594344973564148, 1.494419813156128, 2.9981117248535156], [59.48214340209961, -3.0665228366851807, -1.885056734085083, 3.877678632736206, 1.655047059059143, 1.607862114906311, 0.5553339719772339], [8.919323921203613, 14.635047912597656, -2.0024476051330566, 3.9983959197998047, 1.6447032690048218, 1.8690284490585327, 3.1668286323547363]], "box_type_3d": "LiDAR"}