{"labels_3d": [0, 1, 1, 1, 2, 2, 2, 2, 2, 2, 2], "scores_3d": [0.15162508189678192, 0.6099225282669067, 0.21085290610790253, 0.1671379655599594, 0.9646029472351074, 0.9172595143318176, 0.8388458490371704, 0.63681560754776, 0.26193341612815857, 0.1229521781206131, 0.10644110292196274], "bboxes_3d": [[4.000504970550537, 2.2310733795166016, -1.9684407711029053, 0.7312803268432617, 0.7007595300674438, 1.6373564004898071, 4.1524882316589355], [9.924969673156738, 14.148079872131348, -1.861372947692871, 1.6582432985305786, 0.4850355088710785, 1.5502170324325562, 3.2558207511901855], [4.121448040008545, 2.2361621856689453, -1.9458348751068115, 1.625922441482544, 0.539530873298645, 1.679848551750183, 2.8476195335388184], [4.43199348449707, -2.1912219524383545, -2.0408265590667725, 1.6165797710418701, 0.5446338057518005, 1.653845191001892, 3.4647552967071533], [20.192964553833008, -6.6837663650512695, -1.9149055480957031, 4.344185829162598, 1.6946518421173096, 1.6495182514190674, 0.05344367027282715], [10.21173095703125, -6.738988399505615, -2.009934902191162, 4.332834243774414, 1.7029879093170166, 1.7417898178100586, 0.03230845928192139], [20.191049575805664, 6.049482345581055, -1.900937557220459, 4.36397647857666, 1.6502838134765625, 1.584001898765564, -0.03672909736633301], [0.6176226735115051, 5.89793586730957, -1.855790615081787, 3.496196746826172, 1.5128477811813354, 1.464938759803772, -0.10869038105010986], [4.036349296569824, -2.6108169555664062, -2.051363945007324, 3.256467819213867, 1.5072379112243652, 1.4509519338607788, 3.5106842517852783], [11.863696098327637, 17.716896057128906, -1.913787841796875, 3.9026999473571777, 1.6062716245651245, 1.733535647392273, 3.192272663116455], [3.2890713214874268, 1.376511573791504, -1.84413480758667, 3.9315733909606934, 1.61089026927948, 1.5921156406402588, 3.2971339225769043]], "box_type_3d": "LiDAR"}