{"labels_3d": [0, 1, 1, 1, 2, 2, 2, 2, 2, 2, 2], "scores_3d": [0.17088666558265686, 0.6381600499153137, 0.2501720190048218, 0.16522930562496185, 0.9637030363082886, 0.9209372401237488, 0.8049530982971191, 0.684134304523468, 0.29062581062316895, 0.1348128318786621, 0.10088621079921722], "bboxes_3d": [[4.031722545623779, 2.225534200668335, -1.9558801651000977, 0.7442325949668884, 0.6716422438621521, 1.652370810508728, 4.200366020202637], [9.899969100952148, 14.154475212097168, -1.8576184511184692, 1.638560175895691, 0.4944446384906769, 1.5579748153686523, 3.2090654373168945], [4.143313884735107, 2.2293970584869385, -1.9454505443572998, 1.63106107711792, 0.5279034972190857, 1.684409499168396, 2.8260302543640137], [4.460641860961914, -2.1894266605377197, -2.0207691192626953, 1.6181367635726929, 0.5311945080757141, 1.6479536294937134, 3.451573610305786], [20.176786422729492, -6.688716888427734, -1.8667927980422974, 4.301842212677002, 1.681061029434204, 1.624408483505249, 0.059919118881225586], [10.218649864196777, -6.742058277130127, -1.9967844486236572, 4.316875457763672, 1.7003105878829956, 1.7195792198181152, 0.026779770851135254], [20.132816314697266, 6.053062438964844, -1.9184701442718506, 4.304740905761719, 1.6432527303695679, 1.5420929193496704, -0.03944277763366699], [0.6215700507164001, 5.9170823097229, -1.8519623279571533, 3.5253868103027344, 1.5201259851455688, 1.471082329750061, -0.09629201889038086], [3.995527505874634, -2.6180531978607178, -2.021958589553833, 3.233902931213379, 1.4827775955200195, 1.4331406354904175, 3.501978874206543], [11.845199584960938, 17.7126407623291, -1.9296256303787231, 3.8546183109283447, 1.6015657186508179, 1.7854769229888916, 3.1690759658813477], [0.6221156120300293, 2.6599504947662354, -1.9430047273635864, 3.6273796558380127, 1.5841151475906372, 1.5596108436584473, 3.2454347610473633]], "box_type_3d": "LiDAR"}