{"labels_3d": [0, 1, 1, 1, 2, 2, 2, 2, 2, 2, 2, 2], "scores_3d": [0.17451505362987518, 0.6238180994987488, 0.2488386034965515, 0.1855754405260086, 0.9561287760734558, 0.9292847514152527, 0.7261061668395996, 0.6902083158493042, 0.303200364112854, 0.11618534475564957, 0.1046963781118393, 0.10258893668651581], "bboxes_3d": [[4.019967555999756, 2.2280309200286865, -1.9647899866104126, 0.730029821395874, 0.6891560554504395, 1.6436583995819092, 4.252737522125244], [10.000239372253418, 14.181297302246094, -1.8240032196044922, 1.6419323682785034, 0.49380046129226685, 1.56602144241333, 3.2442002296447754], [4.122323036193848, 2.230684518814087, -1.9552955627441406, 1.635179877281189, 0.5309849381446838, 1.6883617639541626, 2.8358187675476074], [4.460501670837402, -2.1869544982910156, -2.0364911556243896, 1.619516134262085, 0.5298154950141907, 1.656665563583374, 3.416764736175537], [20.17113494873047, -6.6683549880981445, -1.8804535865783691, 4.304986953735352, 1.6873406171798706, 1.626987099647522, 0.06053125858306885], [10.208498001098633, -6.735052585601807, -2.0057950019836426, 4.350133895874023, 1.7088711261749268, 1.7350914478302002, 0.052968502044677734], [20.177995681762695, 6.074953079223633, -1.9366023540496826, 4.290892601013184, 1.6612857580184937, 1.5897108316421509, -0.015708208084106445], [0.6150273680686951, 5.9077582359313965, -1.8489835262298584, 3.5336525440216064, 1.5227726697921753, 1.4747596979141235, -0.10609972476959229], [4.012508392333984, -2.636566638946533, -2.043273448944092, 3.185960292816162, 1.4828890562057495, 1.4460123777389526, 3.4486002922058105], [0.6016263961791992, 2.6587395668029785, -1.9385924339294434, 3.6185693740844727, 1.5792702436447144, 1.562717080116272, 3.2670230865478516], [3.2588400840759277, 1.3896267414093018, -1.8478875160217285, 3.8821511268615723, 1.6025316715240479, 1.615472674369812, 3.271561861038208], [11.834894180297852, 17.730571746826172, -1.924080729484558, 3.860203742980957, 1.6001091003417969, 1.734260082244873, 3.187701463699341]], "box_type_3d": "LiDAR"}