{"labels_3d": [0, 1, 1, 1, 2, 2, 2, 2, 2, 2, 2], "scores_3d": [0.14831925928592682, 0.669701337814331, 0.19059951603412628, 0.11942102015018463, 0.9183176159858704, 0.758722186088562, 0.7019917964935303, 0.6974232196807861, 0.6627074480056763, 0.6031131148338318, 0.37239840626716614], "bboxes_3d": [[2.697312116622925, 2.1139519214630127, -1.9727479219436646, 0.6827874183654785, 0.6907551884651184, 1.6844587326049805, 0.5725959539413452], [15.809014320373535, 11.167398452758789, -2.1006903648376465, 1.7116014957427979, 0.5089091062545776, 1.6864404678344727, 3.2434396743774414], [3.1265578269958496, -2.5471279621124268, -1.8915228843688965, 1.5867410898208618, 0.4725503921508789, 1.6320692300796509, 0.007444858551025391], [2.888936758041382, 1.953802466392517, -1.9105830192565918, 1.6579629182815552, 0.5815011262893677, 1.7431093454360962, 3.0303549766540527], [21.68459701538086, 14.62834644317627, -2.0298025608062744, 4.56730318069458, 1.7170532941818237, 1.3974779844284058, 3.1082911491394043], [10.028618812561035, 24.282875061035156, -1.8200082778930664, 4.6469244956970215, 1.7848366498947144, 1.6192013025283813, 3.1556406021118164], [33.93191909790039, 21.839061737060547, -1.954912781715393, 4.408115863800049, 1.667811393737793, 1.475679636001587, 1.6414023637771606], [3.2385542392730713, 11.0006742477417, -2.071672201156616, 4.365533351898193, 1.7894989252090454, 1.5489528179168701, 3.0974674224853516], [8.820470809936523, 14.61548137664795, -2.043468952178955, 3.7735226154327393, 1.6064560413360596, 1.8831183910369873, 3.196244716644287], [51.603450775146484, 14.354333877563477, -2.0623555183410645, 4.351579666137695, 1.7104326486587524, 1.7329893112182617, 3.101349353790283], [9.303892135620117, 30.070430755615234, -1.9240447282791138, 3.829909324645996, 1.5875808000564575, 1.4418151378631592, 3.2292120456695557]], "box_type_3d": "LiDAR"}