{"labels_3d": [1, 1, 1, 1, 2, 2, 2, 2, 2, 2, 2, 2, 2, 2], "scores_3d": [0.6747803688049316, 0.5439693331718445, 0.5089121460914612, 0.5023557543754578, 0.9463502168655396, 0.9365072250366211, 0.9230234622955322, 0.7747402787208557, 0.7505084276199341, 0.7382202744483948, 0.6921919584274292, 0.6868598461151123, 0.6135204434394836, 0.36435577273368835], "bboxes_3d": [[9.91759967803955, 14.147744178771973, -1.8880267143249512, 1.6291556358337402, 0.5234575271606445, 1.6240941286087036, 3.097607374191284], [4.468681335449219, -2.220150947570801, -1.9599050283432007, 1.6167610883712769, 0.542372465133667, 1.6829030513763428, 3.1003189086914062], [4.298015117645264, 2.256343126296997, -1.945654034614563, 1.6044718027114868, 0.5628912448883057, 1.7029895782470703, 3.280038356781006], [1.455969214439392, -2.2354445457458496, -1.9744644165039062, 1.658419132232666, 0.4976285398006439, 1.6466494798660278, 3.1577630043029785], [20.13679313659668, -6.643160343170166, -1.857147216796875, 4.136582851409912, 1.664605975151062, 1.6130667924880981, 0.0462266206741333], [10.23788070678711, -6.762063503265381, -1.941664218902588, 4.411709785461426, 1.684404969215393, 1.6367160081863403, 0.05509471893310547], [20.131256103515625, 6.0224409103393555, -1.896918535232544, 4.496094226837158, 1.6541069746017456, 1.5114043951034546, -0.038104891777038574], [11.784481048583984, 17.61427116394043, -1.9065210819244385, 3.81819486618042, 1.58294677734375, 1.8302077054977417, 3.1315391063690186], [29.91584014892578, 6.1802754402160645, -1.8571312427520752, 4.002155303955078, 1.6260826587677002, 1.502759575843811, 0.012133479118347168], [36.810733795166016, 20.955127716064453, -1.960815191268921, 4.23668909072876, 1.6866295337677002, 1.4294449090957642, 3.108365058898926], [39.06907272338867, 17.44179916381836, -1.969840168952942, 4.331792831420898, 1.7096006870269775, 1.4123687744140625, 3.1023969650268555], [11.93252944946289, 24.625661849975586, -1.920233964920044, 4.39581823348999, 1.720571756362915, 1.4687080383300781, 3.204097270965576], [49.813941955566406, 6.122188091278076, -1.875773310661316, 3.9618897438049316, 1.6575723886489868, 1.6358587741851807, 3.1142501831054688], [59.63962936401367, 3.4446728229522705, -1.9146696329116821, 3.460291624069214, 1.5785807371139526, 1.4912769794464111, 0.015478849411010742]], "box_type_3d": "LiDAR"}