{"labels_3d": [1, 1, 1, 1, 2, 2, 2, 2, 2, 2, 2, 2, 2, 2], "scores_3d": [0.6474740505218506, 0.563277542591095, 0.5525763630867004, 0.5422785878181458, 0.9348844885826111, 0.9317094683647156, 0.9276885390281677, 0.7798631191253662, 0.7752965688705444, 0.7727667689323425, 0.7717132568359375, 0.7496755123138428, 0.5141289234161377, 0.3951612412929535], "bboxes_3d": [[9.923287391662598, 14.138712882995605, -1.899751901626587, 1.6381300687789917, 0.4784732460975647, 1.6215529441833496, 3.0829226970672607], [4.459438800811768, -2.215719223022461, -1.9504425525665283, 1.615058183670044, 0.543204128742218, 1.677195429801941, 3.1257247924804688], [4.3019914627075195, 2.237644672393799, -1.9608557224273682, 1.6074163913726807, 0.5584593415260315, 1.7005654573440552, 3.247931480407715], [1.4963215589523315, -2.2208292484283447, -1.971140742301941, 1.6366117000579834, 0.5079115033149719, 1.6380743980407715, 3.1902599334716797], [10.212141036987305, -6.75020694732666, -1.9520306587219238, 4.341243267059326, 1.6879714727401733, 1.6525033712387085, 0.05015087127685547], [20.140243530273438, 6.03195333480835, -1.9025311470031738, 4.494796276092529, 1.65298330783844, 1.5170103311538696, -0.018600821495056152], [20.150230407714844, -6.647740840911865, -1.8856151103973389, 4.278951644897461, 1.6782172918319702, 1.6090136766433716, 0.04841506481170654], [36.826866149902344, 20.976987838745117, -1.9586820602416992, 4.341205596923828, 1.715083122253418, 1.5242198705673218, 3.0979766845703125], [29.987991333007812, 6.137655258178711, -1.8668467998504639, 4.118154048919678, 1.6354162693023682, 1.5299158096313477, 0.004792571067810059], [11.864375114440918, 24.612979888916016, -1.9108657836914062, 4.301053047180176, 1.6871016025543213, 1.4734070301055908, 3.2214274406433105], [11.821078300476074, 17.59390640258789, -1.9256339073181152, 3.91506290435791, 1.5828527212142944, 1.8831493854522705, 3.1532399654388428], [38.98782730102539, 17.480379104614258, -1.9467799663543701, 4.355883598327637, 1.6946442127227783, 1.438806414604187, 3.124356746673584], [49.698699951171875, 6.18650484085083, -1.901872158050537, 3.4957306385040283, 1.6166861057281494, 1.5310132503509521, 0.014224886894226074], [37.90145492553711, 32.81672286987305, -2.491361379623413, 4.109513282775879, 1.673134684562683, 1.468934178352356, 3.1310195922851562]], "box_type_3d": "LiDAR"}