{"labels_3d": [0, 2, 2, 2, 2, 2], "scores_3d": [0.10838843882083893, 0.5428755283355713, 0.2952393591403961, 0.23787781596183777, 0.16629841923713684, 0.13413214683532715], "bboxes_3d": [[36.79714584350586, -2.2100377082824707, -0.9677355289459229, 0.7278180718421936, 0.7150689959526062, 1.891344428062439, 2.825174331665039], [20.044708251953125, -9.534603118896484, -1.1945279836654663, 3.909298896789551, 1.7512873411178589, 1.8811346292495728, 4.601064205169678], [25.30276870727539, 13.066222190856934, -1.2115569114685059, 4.4115729331970215, 1.7980211973190308, 2.0979437828063965, 0.5318995714187622], [25.663253784179688, 27.25494956970215, -2.185518741607666, 3.9594922065734863, 1.6250427961349487, 1.520641803741455, 4.032375812530518], [3.4056880474090576, -33.95612716674805, -1.6940912008285522, 4.251323699951172, 1.6679069995880127, 1.5480760335922241, 3.3942151069641113], [0.7546124458312988, 21.731042861938477, -1.6158254146575928, 3.7421059608459473, 1.567529559135437, 1.45728600025177, 1.50531804561615]], "box_type_3d": "LiDAR"}