{"labels_3d": [2], "scores_3d": [0.2904055416584015], "bboxes_3d": [[65.90340423583984, -1.2729068994522095, -2.322443962097168, 4.369556903839111, 1.4534775018692017, 1.5151528120040894, 1.7995816469192505]], "box_type_3d": "LiDAR"}