{"labels_3d": [1, 2, 2, 2], "scores_3d": [0.5232805609703064, 0.9488690495491028, 0.9185190796852112, 0.11064962297677994], "bboxes_3d": [[9.968239784240723, 14.170654296875, -1.8227707147598267, 1.6599944829940796, 0.4521830976009369, 1.571317434310913, 3.142507553100586], [10.2263822555542, -6.745172500610352, -1.9660381078720093, 4.407002925872803, 1.6892890930175781, 1.6297390460968018, 0.04024076461791992], [20.192476272583008, -6.659733295440674, -1.9157605171203613, 4.336987018585205, 1.6862688064575195, 1.6633251905441284, 0.04984724521636963], [11.811159133911133, 17.715288162231445, -1.9027767181396484, 3.8476808071136475, 1.6025924682617188, 1.741960883140564, 3.2061805725097656]], "box_type_3d": "LiDAR"}