{"labels_3d": [1, 2, 2], "scores_3d": [0.5320283770561218, 0.9598367214202881, 0.9352616667747498], "bboxes_3d": [[9.917415618896484, 14.156131744384766, -1.8967117071151733, 1.6587532758712769, 0.4528036415576935, 1.5767812728881836, 3.085488796234131], [20.28253746032715, -6.722609519958496, -1.9728167057037354, 4.425207138061523, 1.700588583946228, 1.687512755393982, 0.048537611961364746], [10.274883270263672, -6.741621017456055, -1.9953644275665283, 4.382754802703857, 1.6890363693237305, 1.6395206451416016, 0.04462540149688721]], "box_type_3d": "LiDAR"}