{"labels_3d": [1, 1, 1, 1, 2, 2, 2, 2, 2, 2, 2, 2, 2, 2], "scores_3d": [0.6632416248321533, 0.5744444131851196, 0.4861631393432617, 0.26750075817108154, 0.9730184674263, 0.9413591623306274, 0.937105655670166, 0.7855461835861206, 0.7753790616989136, 0.7045263648033142, 0.6071698665618896, 0.4477268159389496, 0.3141033947467804, 0.24591299891471863], "bboxes_3d": [[9.959778785705566, 14.139222145080566, -1.8574819564819336, 1.6171824932098389, 0.5090818405151367, 1.568471074104309, 3.136409044265747], [4.462917327880859, -2.2129881381988525, -1.9571006298065186, 1.6114178895950317, 0.5418298244476318, 1.6798795461654663, 3.1244685649871826], [1.4531139135360718, -2.225861072540283, -1.9814764261245728, 1.6581306457519531, 0.5124815106391907, 1.6578783988952637, 3.1572933197021484], [4.2367024421691895, 2.253897190093994, -1.960383653640747, 1.6599457263946533, 0.575842559337616, 1.6840113401412964, 3.4517667293548584], [20.13860321044922, -6.6394829750061035, -1.8802626132965088, 4.183187007904053, 1.6615374088287354, 1.5993236303329468, 0.056482553482055664], [20.163482666015625, 6.040925979614258, -1.9165608882904053, 4.547115325927734, 1.664179801940918, 1.5453519821166992, -0.017184138298034668], [10.258345603942871, -6.76774787902832, -1.9744668006896973, 4.27388858795166, 1.6926981210708618, 1.6893656253814697, 0.04487776756286621], [29.99147605895996, 6.123964309692383, -1.8740763664245605, 4.130125999450684, 1.6389919519424438, 1.5376287698745728, -0.004449129104614258], [36.87599182128906, 20.98451042175293, -1.963707447052002, 4.364600658416748, 1.7194336652755737, 1.4815412759780884, 3.109750747680664], [39.02668380737305, 17.465238571166992, -1.9386593103408813, 4.373586177825928, 1.6906074285507202, 1.4403910636901855, 3.121483325958252], [40.21672058105469, -6.611488342285156, -1.8964426517486572, 4.561587810516357, 1.704143762588501, 1.6599727869033813, 0.026351571083068848], [49.6926155090332, 6.193307399749756, -1.9567108154296875, 3.500354051589966, 1.6354745626449585, 1.5430772304534912, -0.06848526000976562], [50.12515640258789, -6.238807201385498, -1.9282957315444946, 4.1282572746276855, 1.6518782377243042, 1.5519564151763916, -0.029114127159118652], [11.779071807861328, 17.602144241333008, -1.8768303394317627, 3.9134645462036133, 1.6160207986831665, 1.8148255348205566, 3.1527228355407715]], "box_type_3d": "LiDAR"}