{"labels_3d": [1, 1, 1, 1, 2, 2, 2, 2, 2, 2, 2, 2, 2, 2], "scores_3d": [0.6171409487724304, 0.560829222202301, 0.47236695885658264, 0.2503843605518341, 0.9644168019294739, 0.944098949432373, 0.9197894930839539, 0.7644802927970886, 0.7466158866882324, 0.6489035487174988, 0.5777958035469055, 0.5055181980133057, 0.2966309189796448, 0.2793963849544525], "bboxes_3d": [[9.988065719604492, 14.121957778930664, -1.8732883930206299, 1.6235113143920898, 0.530213475227356, 1.5755772590637207, 3.1855039596557617], [4.472055435180664, -2.215914249420166, -1.9667332172393799, 1.6147383451461792, 0.5409250259399414, 1.6862510442733765, 3.100572347640991], [1.4293384552001953, -2.2359654903411865, -1.980072259902954, 1.6601840257644653, 0.5048359036445618, 1.6566592454910278, 3.134810447692871], [4.2301788330078125, 2.261476993560791, -1.958915114402771, 1.663751244544983, 0.578262984752655, 1.689814805984497, 3.464740753173828], [20.099584579467773, -6.634116172790527, -1.858988642692566, 4.042392253875732, 1.662327766418457, 1.6251442432403564, 0.060736775398254395], [10.275753021240234, -6.770284175872803, -1.9551634788513184, 4.335230827331543, 1.6854976415634155, 1.6685508489608765, 0.052883028984069824], [20.134077072143555, 6.01758337020874, -1.8988282680511475, 4.501983642578125, 1.6536579132080078, 1.5078643560409546, -0.037146806716918945], [36.844947814941406, 20.94864845275879, -1.954878807067871, 4.257168292999268, 1.6911453008651733, 1.43388032913208, 3.1174871921539307], [29.889257431030273, 6.1437668800354, -1.8573081493377686, 4.019251823425293, 1.6440269947052002, 1.5199295282363892, -0.012302875518798828], [40.201576232910156, -6.579745769500732, -1.9025938510894775, 4.245519638061523, 1.6500205993652344, 1.6224548816680908, 0.07761013507843018], [38.88389205932617, 17.441421508789062, -1.9091945886611938, 4.305165767669678, 1.6830977201461792, 1.4296739101409912, 3.081932306289673], [49.763362884521484, 6.1691508293151855, -1.9124925136566162, 3.731045961380005, 1.6257826089859009, 1.602541446685791, -0.02692544460296631], [11.774126052856445, 17.601804733276367, -1.8795347213745117, 3.832179307937622, 1.5982389450073242, 1.8046481609344482, 3.14302396774292], [49.04851531982422, -6.937489986419678, -1.8635814189910889, 3.426847219467163, 1.5906366109848022, 1.5544220209121704, -1.4354714155197144]], "box_type_3d": "LiDAR"}