{"labels_3d": [2, 2, 2, 2], "scores_3d": [0.6078270077705383, 0.2952393591403961, 0.23787781596183777, 0.1514803022146225], "bboxes_3d": [[20.052799224853516, -9.649031639099121, -1.080735445022583, 3.860318422317505, 1.7191543579101562, 1.813300609588623, 4.644010543823242], [25.30276870727539, 13.066222190856934, -1.2115569114685059, 4.4115729331970215, 1.7980211973190308, 2.0979437828063965, 0.5318995714187622], [25.663253784179688, 27.25494956970215, -2.185518741607666, 3.9594922065734863, 1.6250427961349487, 1.520641803741455, 4.032375812530518], [3.474388360977173, -35.15797805786133, -1.542502760887146, 4.137696743011475, 1.6796711683273315, 1.5661789178848267, 2.5863099098205566]], "box_type_3d": "LiDAR"}