{"labels_3d": [2, 2], "scores_3d": [0.10279873013496399, 0.10100902616977692], "bboxes_3d": [[36.17197036743164, 27.285179138183594, -2.0698273181915283, 4.298482418060303, 1.592460036277771, 1.5695523023605347, 4.215210437774658], [49.05082321166992, 38.225807189941406, -2.4418649673461914, 4.1051025390625, 1.5136045217514038, 1.512022852897644, -1.3900038003921509]], "box_type_3d": "LiDAR"}