{"labels_3d": [1, 2, 2, 2], "scores_3d": [0.5329521298408508, 0.9477724432945251, 0.9359784126281738, 0.2300727218389511], "bboxes_3d": [[9.960983276367188, 14.173063278198242, -1.8336249589920044, 1.6739988327026367, 0.4486394226551056, 1.5729682445526123, 3.128267288208008], [10.222190856933594, -6.7428789138793945, -1.9576785564422607, 4.385301113128662, 1.6857662200927734, 1.6171455383300781, 0.04900920391082764], [20.20404624938965, -6.676081657409668, -1.8911327123641968, 4.300466060638428, 1.6790322065353394, 1.624912977218628, 0.03410327434539795], [11.807799339294434, 17.623586654663086, -1.8777166604995728, 3.8136343955993652, 1.6026331186294556, 1.8086576461791992, 3.1854000091552734]], "box_type_3d": "LiDAR"}