{"labels_3d": [1, 2, 2, 2], "scores_3d": [0.4622584581375122, 0.9506590962409973, 0.9214220643043518, 0.15132088959217072], "bboxes_3d": [[9.92528247833252, 14.17641830444336, -1.8299531936645508, 1.6429938077926636, 0.4847119450569153, 1.581746220588684, 3.1097817420959473], [10.233613014221191, -6.744552135467529, -1.952434778213501, 4.371695041656494, 1.6859499216079712, 1.6362847089767456, 0.04780220985412598], [20.17066192626953, -6.659709453582764, -1.9063477516174316, 4.315974235534668, 1.679345965385437, 1.6511400938034058, 0.042548418045043945], [11.833932876586914, 17.639516830444336, -1.8937366008758545, 3.8489105701446533, 1.6116724014282227, 1.8352715969085693, 3.17915678024292]], "box_type_3d": "LiDAR"}