{"labels_3d": [1, 2, 2, 2], "scores_3d": [0.4831852316856384, 0.9395239353179932, 0.9321403503417969, 0.186688631772995], "bboxes_3d": [[9.933061599731445, 14.151427268981934, -1.8258953094482422, 1.6485458612442017, 0.4517379403114319, 1.5572395324707031, 3.099794626235962], [20.172086715698242, -6.676929950714111, -1.8998191356658936, 4.318691253662109, 1.689060091972351, 1.663770318031311, 0.058751463890075684], [10.221134185791016, -6.7479729652404785, -1.9662694931030273, 4.416810512542725, 1.6990633010864258, 1.6604371070861816, 0.04618942737579346], [11.808568954467773, 17.614789962768555, -1.8845897912979126, 3.8198304176330566, 1.6010410785675049, 1.7946923971176147, 3.172426223754883]], "box_type_3d": "LiDAR"}