{"labels_3d": [0, 0, 1, 1, 1, 2, 2, 2, 2, 2, 2], "scores_3d": [0.15172183513641357, 0.1438688337802887, 0.6125408411026001, 0.37616166472435, 0.1969776600599289, 0.8826186656951904, 0.7132138013839722, 0.34109488129615784, 0.20472925901412964, 0.13310866057872772, 0.12124233692884445], "bboxes_3d": [[0.07226976007223129, 2.2630014419555664, -1.664909839630127, 0.5915765166282654, 0.45260000228881836, 1.5349599123001099, 4.6417436599731445], [2.911562204360962, 2.2096827030181885, -1.8908240795135498, 0.5452468991279602, 0.7358366847038269, 1.6450098752975464, -0.9338966608047485], [15.76081371307373, 11.220516204833984, -1.8793435096740723, 1.609189510345459, 0.5217407941818237, 1.5333315134048462, 3.485564708709717], [3.057487726211548, -2.5444257259368896, -1.9088120460510254, 1.661745309829712, 0.523574948310852, 1.655784249305725, 3.081681728363037], [0.112769216299057, -2.4964375495910645, -1.7483032941818237, 1.7513293027877808, 0.5563425421714783, 1.742039680480957, 3.0738086700439453], [30.148258209228516, -8.67718505859375, -1.9082077741622925, 4.434474468231201, 1.7170950174331665, 1.4829723834991455, 4.683385372161865], [3.4406673908233643, 11.007525444030762, -1.955986738204956, 4.46782922744751, 1.7112302780151367, 1.4239990711212158, 3.1399893760681152], [21.481828689575195, 14.587281227111816, -2.009305953979492, 4.087853908538818, 1.575847864151001, 1.3449616432189941, 3.068788528442383], [8.94162654876709, 14.621706008911133, -1.8799915313720703, 3.961402416229248, 1.58939790725708, 1.751888394355774, 3.1952056884765625], [50.78822708129883, -27.084505081176758, -1.5076475143432617, 3.6220076084136963, 1.512026071548462, 1.4363898038864136, 0.010477066040039062], [1.9991458654403687, 0.6856718063354492, -1.6968740224838257, 4.383918762207031, 1.7373660802841187, 1.6201210021972656, 3.8014168739318848]], "box_type_3d": "LiDAR"}