{"labels_3d": [2, 2, 2], "scores_3d": [0.21524514257907867, 0.12560097873210907, 0.11096195131540298], "bboxes_3d": [[48.98770523071289, 38.290523529052734, -2.601666212081909, 3.8255228996276855, 1.512779712677002, 1.568574070930481, -1.4379695653915405], [36.15742492675781, 27.258365631103516, -2.067922353744507, 4.2021870613098145, 1.6046802997589111, 1.5838700532913208, 4.2332377433776855], [63.75657653808594, 27.55046844482422, -2.3178248405456543, 4.5482048988342285, 1.7904375791549683, 1.4839370250701904, 3.529813528060913]], "box_type_3d": "LiDAR"}