{"labels_3d": [1, 2, 2, 2], "scores_3d": [0.4721975326538086, 0.9549890756607056, 0.8930756449699402, 0.22127626836299896], "bboxes_3d": [[9.958038330078125, 14.163529396057129, -1.8070988655090332, 1.649086833000183, 0.48170244693756104, 1.5498690605163574, 3.1596310138702393], [20.16008949279785, -6.645021438598633, -1.8527114391326904, 4.194149971008301, 1.6666688919067383, 1.6148122549057007, 0.05528593063354492], [10.249192237854004, -6.713229656219482, -2.006910800933838, 4.125368118286133, 1.676485300064087, 1.7759206295013428, 0.025896549224853516], [11.718144416809082, 17.623138427734375, -1.8811242580413818, 3.876513719558716, 1.5904268026351929, 1.7143903970718384, 3.1205339431762695]], "box_type_3d": "LiDAR"}