{"labels_3d": [1, 2, 2, 2], "scores_3d": [0.46456456184387207, 0.9539663791656494, 0.9192861318588257, 0.17777150869369507], "bboxes_3d": [[9.934728622436523, 14.133155822753906, -1.8698477745056152, 1.6487557888031006, 0.5081623792648315, 1.577265739440918, 3.1349258422851562], [20.1298828125, -6.635573387145996, -1.8591108322143555, 4.097947597503662, 1.6586321592330933, 1.603540062904358, 0.04801738262176514], [10.220928192138672, -6.741117477416992, -1.9917404651641846, 4.280444145202637, 1.6960378885269165, 1.733891487121582, 0.03771388530731201], [11.762214660644531, 17.61366081237793, -1.8861267566680908, 3.897249221801758, 1.6072895526885986, 1.7983137369155884, 3.1632678508758545]], "box_type_3d": "LiDAR"}