{"labels_3d": [1, 2, 2, 2], "scores_3d": [0.5054121017456055, 0.943203330039978, 0.9037737250328064, 0.13836827874183655], "bboxes_3d": [[9.931378364562988, 14.1511869430542, -1.8812432289123535, 1.6612248420715332, 0.5019944906234741, 1.5980483293533325, 3.0912866592407227], [20.14156723022461, -6.661789894104004, -1.8569409847259521, 4.251029014587402, 1.6732040643692017, 1.6142659187316895, 0.04978501796722412], [10.243827819824219, -6.715545654296875, -1.9988144636154175, 4.157516002655029, 1.6760843992233276, 1.7626473903656006, 0.027097463607788086], [11.794886589050293, 17.6356258392334, -1.880194067955017, 3.852917432785034, 1.6047149896621704, 1.8329709768295288, 3.13330078125]], "box_type_3d": "LiDAR"}