{"labels_3d": [1, 2, 2, 2], "scores_3d": [0.5835474729537964, 0.9325222969055176, 0.9060056805610657, 0.1828436702489853], "bboxes_3d": [[9.979422569274902, 14.121881484985352, -1.8717997074127197, 1.635435938835144, 0.506618082523346, 1.5652729272842407, 3.209554672241211], [20.154457092285156, -6.638626575469971, -1.8650251626968384, 4.234328269958496, 1.6763324737548828, 1.6239147186279297, 0.04008185863494873], [10.259610176086426, -6.715793132781982, -1.9960476160049438, 4.130882740020752, 1.6734720468521118, 1.7552731037139893, 0.024151206016540527], [11.773626327514648, 17.62369155883789, -1.8784832954406738, 3.8810501098632812, 1.600862741470337, 1.7906146049499512, 3.1443488597869873]], "box_type_3d": "LiDAR"}