{"labels_3d": [2, 2, 2, 2, 2], "scores_3d": [0.6312313079833984, 0.23230880498886108, 0.1704002469778061, 0.1314132958650589, 0.11307859420776367], "bboxes_3d": [[20.064767837524414, -9.663078308105469, -1.1320767402648926, 3.941415309906006, 1.7367658615112305, 1.8311514854431152, 4.635899543762207], [25.660701751708984, 27.281509399414062, -2.165128231048584, 3.9796411991119385, 1.6215523481369019, 1.5158357620239258, 4.034962177276611], [25.259965896606445, 13.132160186767578, -1.2468667030334473, 4.141502857208252, 1.7560596466064453, 2.050509452819824, 0.6548904180526733], [0.7535837888717651, 21.746484756469727, -1.6107771396636963, 3.7415592670440674, 1.567064881324768, 1.4562586545944214, 1.475965142250061], [3.2973804473876953, -35.47571563720703, -1.466843843460083, 4.110633373260498, 1.6569890975952148, 1.573185682296753, 2.567906379699707]], "box_type_3d": "LiDAR"}