{"labels_3d": [2, 2, 2, 2], "scores_3d": [0.6007614135742188, 0.2952393591403961, 0.23787781596183777, 0.16713756322860718], "bboxes_3d": [[20.077880859375, -9.694534301757812, -1.0969977378845215, 3.9741086959838867, 1.739518165588379, 1.8316899538040161, 4.6374101638793945], [25.30276870727539, 13.066222190856934, -1.2115569114685059, 4.4115729331970215, 1.7980211973190308, 2.0979437828063965, 0.5318995714187622], [25.663253784179688, 27.25494956970215, -2.185518741607666, 3.9594922065734863, 1.6250427961349487, 1.520641803741455, 4.032375812530518], [3.4142820835113525, -33.95960998535156, -1.687708854675293, 4.222596645355225, 1.656131386756897, 1.5646255016326904, 3.3805840015411377]], "box_type_3d": "LiDAR"}