{"labels_3d": [1, 2, 2], "scores_3d": [0.1107567846775055, 0.10629671812057495, 0.10524173080921173], "bboxes_3d": [[63.316551208496094, 22.270870208740234, -2.199916362762451, 1.6685457229614258, 0.5023344159126282, 1.741152048110962, 0.04267454147338867], [65.93828582763672, -1.4013431072235107, -2.209564208984375, 4.325495719909668, 1.4558871984481812, 1.4905726909637451, 1.8434804677963257], [63.750492095947266, 27.552099227905273, -2.3272955417633057, 4.548401832580566, 1.7902497053146362, 1.493533968925476, 3.526221752166748]], "box_type_3d": "LiDAR"}