{"labels_3d": [1, 2, 2, 2], "scores_3d": [0.41521498560905457, 0.9513152241706848, 0.9280830025672913, 0.2515175938606262], "bboxes_3d": [[9.971868515014648, 14.167498588562012, -1.851327896118164, 1.6331698894500732, 0.44595858454704285, 1.5659594535827637, 3.016735792160034], [20.163301467895508, -6.652383804321289, -1.8502283096313477, 4.199326515197754, 1.6680145263671875, 1.6160506010055542, 0.0552980899810791], [10.209148406982422, -6.759615421295166, -1.9425652027130127, 4.401610374450684, 1.6866110563278198, 1.6348339319229126, 0.05015230178833008], [11.706539154052734, 17.593416213989258, -1.8521003723144531, 3.8446645736694336, 1.5872925519943237, 1.6826072931289673, 3.130702495574951]], "box_type_3d": "LiDAR"}