{"labels_3d": [1, 2, 2, 2], "scores_3d": [0.40812984108924866, 0.9256172180175781, 0.9138476848602295, 0.1806129664182663], "bboxes_3d": [[9.946385383605957, 14.138087272644043, -1.8626328706741333, 1.6451618671417236, 0.5029597878456116, 1.5891411304473877, 3.0749244689941406], [10.214408874511719, -6.75337553024292, -1.9396393299102783, 4.379461288452148, 1.6853431463241577, 1.6343134641647339, 0.04843342304229736], [20.157655715942383, -6.646635055541992, -1.8750897645950317, 4.256233215332031, 1.6771970987319946, 1.6279942989349365, 0.035402894020080566], [11.751949310302734, 17.611398696899414, -1.8595242500305176, 3.8399038314819336, 1.5996464490890503, 1.7907541990280151, 3.1475300788879395]], "box_type_3d": "LiDAR"}