{"labels_3d": [1, 1, 2, 2, 2, 2, 2, 2, 2, 2], "scores_3d": [0.6270903944969177, 0.2266339659690857, 0.9806523323059082, 0.9475303292274475, 0.832632303237915, 0.7564637660980225, 0.4228608012199402, 0.36613133549690247, 0.268957257270813, 0.2010856568813324], "bboxes_3d": [[9.958253860473633, 14.158648490905762, -1.8410403728485107, 1.631157636642456, 0.5227915048599243, 1.5700653791427612, 3.2072739601135254], [39.28425979614258, 24.711275100708008, -2.061262607574463, 1.5904664993286133, 0.35716989636421204, 1.6487421989440918, 0.2238755226135254], [20.144208908081055, -6.657695770263672, -1.8883957862854004, 4.307704925537109, 1.6799319982528687, 1.6240521669387817, 0.055907607078552246], [10.244707107543945, -6.766491889953613, -1.9853813648223877, 4.368745803833008, 1.7000598907470703, 1.6887950897216797, 0.04977560043334961], [36.98365783691406, 21.021774291992188, -1.9534496068954468, 4.454161167144775, 1.7463245391845703, 1.4630706310272217, 3.0912046432495117], [39.0396614074707, 17.53420639038086, -1.9352867603302002, 4.555741310119629, 1.7238508462905884, 1.4561982154846191, 3.0882043838500977], [40.222991943359375, -6.61864709854126, -1.897265911102295, 4.374006748199463, 1.694042444229126, 1.5843727588653564, 0.08682572841644287], [67.21446990966797, 24.737398147583008, -1.5798461437225342, 4.041996479034424, 1.6469547748565674, 1.5252708196640015, 0.04975569248199463], [35.53189468383789, 28.74712371826172, -2.131253719329834, 4.052680492401123, 1.7188440561294556, 1.481940746307373, 3.158964157104492], [47.420955657958984, 23.609024047851562, -2.058016538619995, 4.053317546844482, 1.6056874990463257, 1.4530493021011353, 3.652815818786621]], "box_type_3d": "LiDAR"}