{"labels_3d": [1, 2, 2, 2, 2, 2, 2, 2, 2, 2, 2], "scores_3d": [0.7085357308387756, 0.9803815484046936, 0.9551194906234741, 0.7437046766281128, 0.7350918650627136, 0.6010658144950867, 0.32339659333229065, 0.2156447470188141, 0.19188253581523895, 0.1487051546573639, 0.14204542338848114], "bboxes_3d": [[9.917860984802246, 14.179361343383789, -1.870366096496582, 1.644806146621704, 0.4949924647808075, 1.6014844179153442, 3.203118324279785], [20.18318748474121, -6.636483192443848, -1.9105381965637207, 4.201845169067383, 1.6677353382110596, 1.6050196886062622, 0.04779863357543945], [10.237607955932617, -6.761941432952881, -1.987860918045044, 4.335907459259033, 1.6948355436325073, 1.6642388105392456, 0.045672059059143066], [36.84761047363281, 20.99644660949707, -2.0053768157958984, 4.305286407470703, 1.7257194519042969, 1.4899898767471313, 3.105861186981201], [39.05095672607422, 17.488468170166016, -1.9567461013793945, 4.50355339050293, 1.7058614492416382, 1.4308198690414429, 3.134328842163086], [40.174156188964844, -6.650273323059082, -1.9276683330535889, 4.056468486785889, 1.6672073602676392, 1.7246381044387817, 0.053182244300842285], [67.31440734863281, 24.64617347717285, -1.5380756855010986, 4.082953453063965, 1.640843391418457, 1.4894647598266602, 0.13417303562164307], [47.50737762451172, 23.564815521240234, -2.0430002212524414, 3.9565539360046387, 1.6018213033676147, 1.4509079456329346, 3.542036533355713], [11.85859203338623, 17.71915054321289, -1.9326856136322021, 3.8666152954101562, 1.5947521924972534, 1.8053020238876343, 3.1696057319641113], [53.917510986328125, 26.33473777770996, -2.132678508758545, 4.107833385467529, 1.5848726034164429, 1.4335463047027588, 3.187387466430664], [35.76674270629883, 29.867752075195312, -2.1299550533294678, 4.116045951843262, 1.695328950881958, 1.4034388065338135, 3.1407418251037598]], "box_type_3d": "LiDAR"}