{"labels_3d": [1, 1, 2, 2, 2, 2, 2, 2, 2, 2, 2], "scores_3d": [0.5974148511886597, 0.2839920222759247, 0.9796746373176575, 0.9583300352096558, 0.7833729982376099, 0.6296672821044922, 0.3792712390422821, 0.2769741714000702, 0.22632277011871338, 0.1814737319946289, 0.13998110592365265], "bboxes_3d": [[9.97835922241211, 14.17037296295166, -1.8221346139907837, 1.6486101150512695, 0.5026115775108337, 1.565915584564209, 3.2479124069213867], [39.227149963378906, 24.68858528137207, -2.1127512454986572, 1.5776410102844238, 0.343684583902359, 1.6663748025894165, 0.15227794647216797], [20.178199768066406, -6.649987697601318, -1.9111111164093018, 4.251353740692139, 1.6764090061187744, 1.6219574213027954, 0.05465662479400635], [10.257129669189453, -6.761683940887451, -1.9775254726409912, 4.338133811950684, 1.690672516822815, 1.6699515581130981, 0.046056389808654785], [36.952632904052734, 20.97236442565918, -1.9756817817687988, 4.352366924285889, 1.7241394519805908, 1.4568850994110107, 3.1418914794921875], [39.04208755493164, 17.467727661132812, -1.9663784503936768, 4.509387969970703, 1.7153805494308472, 1.448508620262146, 3.086913585662842], [39.964786529541016, -6.597041130065918, -1.9547414779663086, 3.669678211212158, 1.6840404272079468, 1.6367475986480713, 0.0249708890914917], [53.95884323120117, 26.69765281677246, -2.2593283653259277, 4.135144233703613, 1.6678234338760376, 1.4614193439483643, 3.557886838912964], [66.90364837646484, 24.71405029296875, -1.6463147401809692, 3.8096792697906494, 1.6010481119155884, 1.5283873081207275, 0.24899470806121826], [47.44021224975586, 23.588722229003906, -2.061624526977539, 3.9900166988372803, 1.6059579849243164, 1.468389630317688, 3.6080808639526367], [35.74394226074219, 29.902956008911133, -2.1699342727661133, 4.2257513999938965, 1.7157338857650757, 1.4036986827850342, 3.133082389831543]], "box_type_3d": "LiDAR"}