{"labels_3d": [2, 2], "scores_3d": [0.6093937158584595, 0.2952393591403961], "bboxes_3d": [[20.080257415771484, -9.694028854370117, -1.0688434839248657, 3.982701301574707, 1.7351818084716797, 1.820684552192688, 4.633692741394043], [25.30276870727539, 13.066222190856934, -1.2115569114685059, 4.4115729331970215, 1.7980211973190308, 2.0979437828063965, 0.5318995714187622]], "box_type_3d": "LiDAR"}