{"labels_3d": [1, 2], "scores_3d": [0.21857984364032745, 0.15003880858421326], "bboxes_3d": [[0.35698068141937256, -2.9818801879882812, -1.8138349056243896, 1.7460370063781738, 0.546776294708252, 1.6548229455947876, 2.791090965270996], [48.48854064941406, 26.29480743408203, -1.3823809623718262, 4.074782371520996, 1.7920633554458618, 1.9222593307495117, -0.47288191318511963]], "box_type_3d": "LiDAR"}