{"labels_3d": [0, 1, 2, 2], "scores_3d": [0.16136856377124786, 0.3176264762878418, 0.2428792417049408, 0.11167306452989578], "bboxes_3d": [[0.3494548201560974, -3.003157615661621, -1.7859729528427124, 0.521779477596283, 0.6672571897506714, 1.619476079940796, 4.662729740142822], [0.3919026553630829, -2.9974098205566406, -1.8154864311218262, 1.706843376159668, 0.5475064516067505, 1.6416126489639282, 2.7994823455810547], [65.90886688232422, -1.2998040914535522, -2.263824939727783, 4.37778377532959, 1.46197509765625, 1.4849929809570312, 1.8047257661819458], [48.470829010009766, 26.279621124267578, -1.2201167345046997, 4.036299228668213, 1.7595494985580444, 1.8542321920394897, -0.4619823694229126]], "box_type_3d": "LiDAR"}