{"labels_3d": [2, 2, 2, 2, 2], "scores_3d": [0.6312313079833984, 0.23197972774505615, 0.16861961781978607, 0.13144057989120483, 0.10673436522483826], "bboxes_3d": [[20.064767837524414, -9.663078308105469, -1.1320767402648926, 3.941415309906006, 1.7367658615112305, 1.8311514854431152, 4.635899543762207], [25.665021896362305, 27.270435333251953, -2.1656742095947266, 3.9698355197906494, 1.618446707725525, 1.5151023864746094, 4.0365071296691895], [25.178037643432617, 13.195746421813965, -1.24419105052948, 4.18219518661499, 1.7159336805343628, 1.9323939085006714, 0.6423765420913696], [0.7536228895187378, 21.7464599609375, -1.612270474433899, 3.742370367050171, 1.5674132108688354, 1.4568755626678467, 1.4759749174118042], [3.285285711288452, -35.480125427246094, -1.4637162685394287, 4.1138129234313965, 1.659297227859497, 1.5752365589141846, 2.573838233947754]], "box_type_3d": "LiDAR"}