{"labels_3d": [1, 2, 2, 2, 2, 2], "scores_3d": [0.4721975326538086, 0.9700367450714111, 0.9698948264122009, 0.7315772175788879, 0.7163960337638855, 0.22127626836299896], "bboxes_3d": [[9.958038330078125, 14.163529396057129, -1.8070988655090332, 1.649086833000183, 0.48170244693756104, 1.5498690605163574, 3.1596310138702393], [20.138973236083984, -6.63508415222168, -1.8533897399902344, 4.1647210121154785, 1.6552298069000244, 1.60273277759552, 0.0593571662902832], [10.204946517944336, -6.756458282470703, -1.972893238067627, 4.37490177154541, 1.6952898502349854, 1.6683851480484009, 0.04072308540344238], [40.32294464111328, -6.592838764190674, -1.938649296760559, 4.405582427978516, 1.6943508386611938, 1.779219150543213, 0.02751791477203369], [49.91466522216797, -2.532285213470459, -1.859168291091919, 3.7976109981536865, 1.617287039756775, 1.4723707437515259, -0.0009360313415527344], [11.718144416809082, 17.623138427734375, -1.8811242580413818, 3.876513719558716, 1.5904268026351929, 1.7143903970718384, 3.1205339431762695]], "box_type_3d": "LiDAR"}