{"labels_3d": [1, 2, 2, 2, 2, 2], "scores_3d": [0.46456456184387207, 0.9716505408287048, 0.9662039875984192, 0.7028577327728271, 0.6919170022010803, 0.17777150869369507], "bboxes_3d": [[9.934728622436523, 14.133155822753906, -1.8698477745056152, 1.6487557888031006, 0.5081623792648315, 1.577265739440918, 3.1349258422851562], [10.215611457824707, -6.753536701202393, -1.9657080173492432, 4.37762451171875, 1.6893246173858643, 1.6575547456741333, 0.04302239418029785], [20.101587295532227, -6.617198944091797, -1.8555512428283691, 4.056421756744385, 1.6491097211837769, 1.5834413766860962, 0.04760468006134033], [40.20756149291992, -6.58201789855957, -1.8981977701187134, 4.332742691040039, 1.6779447793960571, 1.64335036277771, 0.0726768970489502], [49.84833526611328, -2.6065447330474854, -1.8817243576049805, 3.683636426925659, 1.6233428716659546, 1.511717438697815, -0.04865407943725586], [11.762214660644531, 17.61366081237793, -1.8861267566680908, 3.897249221801758, 1.6072895526885986, 1.7983137369155884, 3.1632678508758545]], "box_type_3d": "LiDAR"}