{"labels_3d": [0, 1, 1, 1, 1, 2, 2, 2, 2, 2, 2, 2], "scores_3d": [0.20445936918258667, 0.6632416248321533, 0.6337085962295532, 0.3801022469997406, 0.251375675201416, 0.9733049869537354, 0.9612012505531311, 0.8174331784248352, 0.715644896030426, 0.48066064715385437, 0.3456254303455353, 0.24591299891471863], "bboxes_3d": [[1.2629408836364746, 2.264655113220215, -1.8135274648666382, 0.4628967344760895, 0.7512798309326172, 1.6858313083648682, -1.0015407800674438], [9.959778785705566, 14.139222145080566, -1.8574819564819336, 1.6171824932098389, 0.5090818405151367, 1.568471074104309, 3.136409044265747], [4.515843391418457, -2.2427375316619873, -1.9845054149627686, 1.6385126113891602, 0.5591960549354553, 1.7081190347671509, 3.1502487659454346], [1.4855902194976807, -2.24708890914917, -1.8892862796783447, 1.6740244626998901, 0.5226886868476868, 1.6652058362960815, 3.200406312942505], [4.234960556030273, 2.25203275680542, -1.948699712753296, 1.6614755392074585, 0.5773992538452148, 1.6812266111373901, 3.4545392990112305], [20.133586883544922, -6.64234733581543, -1.8747804164886475, 4.225958824157715, 1.6636505126953125, 1.591105580329895, 0.052552103996276855], [10.226115226745605, -6.760483264923096, -1.9752310514450073, 4.326829433441162, 1.6974022388458252, 1.685319185256958, 0.04510498046875], [20.24759864807129, 6.068027019500732, -1.8959145545959473, 4.4396138191223145, 1.6571581363677979, 1.558371663093567, -0.011255979537963867], [40.2343635559082, -6.554652214050293, -1.927201509475708, 4.306777000427246, 1.689712405204773, 1.668670892715454, 0.06910216808319092], [50.230709075927734, -6.227203369140625, -1.8811545372009277, 4.324848651885986, 1.6990692615509033, 1.5986849069595337, 0.025448203086853027], [59.626686096191406, -2.5782675743103027, -1.8863637447357178, 3.408994436264038, 1.594465970993042, 1.4982709884643555, 0.05276477336883545], [11.779071807861328, 17.602144241333008, -1.8768303394317627, 3.9134645462036133, 1.6160207986831665, 1.8148255348205566, 3.1527228355407715]], "box_type_3d": "LiDAR"}