{"labels_3d": [0, 1, 1, 1, 1, 2, 2, 2, 2, 2, 2, 2, 2], "scores_3d": [0.23757418990135193, 0.6171409487724304, 0.6119028329849243, 0.38523027300834656, 0.23236209154129028, 0.9670982360839844, 0.9574257135391235, 0.8148712515830994, 0.7361448407173157, 0.4366457760334015, 0.2966309189796448, 0.15568670630455017, 0.11773447692394257], "bboxes_3d": [[1.269356608390808, 2.265028238296509, -1.8050369024276733, 0.45892348885536194, 0.7565815448760986, 1.6650505065917969, -1.0816303491592407], [9.988065719604492, 14.121957778930664, -1.8732883930206299, 1.6235113143920898, 0.530213475227356, 1.5755772590637207, 3.1855039596557617], [4.516378879547119, -2.2502388954162598, -1.9889180660247803, 1.6345889568328857, 0.5630332231521606, 1.7074226140975952, 3.1120824813842773], [1.420036792755127, -2.273399591445923, -1.920151710510254, 1.6875686645507812, 0.5053312182426453, 1.6664228439331055, 3.159148693084717], [4.2252092361450195, 2.2596771717071533, -1.9422166347503662, 1.66537344455719, 0.5795468688011169, 1.6854438781738281, 3.4682891368865967], [20.128652572631836, -6.694488048553467, -1.8933327198028564, 4.103381633758545, 1.6634008884429932, 1.6336426734924316, 0.01557004451751709], [10.231834411621094, -6.764886856079102, -1.971843957901001, 4.371762275695801, 1.6973615884780884, 1.7005563974380493, 0.05169808864593506], [20.178478240966797, 6.069281101226807, -1.9015295505523682, 4.364851951599121, 1.6466970443725586, 1.537467360496521, -0.026685595512390137], [40.230350494384766, -6.550900459289551, -1.9146747589111328, 4.304970741271973, 1.6685869693756104, 1.6705451011657715, 0.07350289821624756], [59.68687057495117, -2.6034374237060547, -1.8733532428741455, 3.483896017074585, 1.603196144104004, 1.6005516052246094, 3.0558996200561523], [11.774126052856445, 17.601804733276367, -1.8795347213745117, 3.832179307937622, 1.5982389450073242, 1.8046481609344482, 3.14302396774292], [49.00517654418945, -6.952420711517334, -1.8689453601837158, 3.432997226715088, 1.6031023263931274, 1.5779427289962769, -1.4056373834609985], [3.3147239685058594, 1.0009716749191284, -1.7966444492340088, 4.261377811431885, 1.6568317413330078, 1.5919303894042969, 3.7718467712402344]], "box_type_3d": "LiDAR"}