{"labels_3d": [0, 1, 1, 2, 2, 2, 2, 2, 2], "scores_3d": [0.15679556131362915, 0.6960554122924805, 0.11839141696691513, 0.9262389540672302, 0.8117772340774536, 0.7454212307929993, 0.6339846849441528, 0.17569567263126373, 0.10087282955646515], "bboxes_3d": [[2.693211555480957, 2.112825870513916, -1.9522693157196045, 0.6822823286056519, 0.6889109015464783, 1.6744235754013062, 0.6047364473342896], [15.81588363647461, 11.167637825012207, -2.0865437984466553, 1.7073945999145508, 0.5153340697288513, 1.6851686239242554, 3.2386555671691895], [2.887665033340454, 1.9494311809539795, -1.8845908641815186, 1.6696096658706665, 0.5829893350601196, 1.7433794736862183, 2.995388984680176], [21.704158782958984, 14.639324188232422, -2.0424509048461914, 4.6122002601623535, 1.732383131980896, 1.4028842449188232, 3.1153039932250977], [30.2103271484375, -8.928592681884766, -2.1428215503692627, 4.493373394012451, 1.7724851369857788, 1.646818995475769, -1.5475460290908813], [33.909332275390625, 21.823074340820312, -1.963742971420288, 4.4317193031311035, 1.667490005493164, 1.4732463359832764, 1.6410332918167114], [51.55488586425781, 14.37283706665039, -2.0695037841796875, 4.3471360206604, 1.7175244092941284, 1.7459425926208496, 3.090538501739502], [50.8837890625, -27.479684829711914, -1.6558501720428467, 3.77014422416687, 1.5565799474716187, 1.4892796277999878, 2.705695629119873], [8.919404983520508, 14.63508415222168, -2.002448081970215, 3.998278856277466, 1.644701600074768, 1.8690338134765625, 3.166881799697876]], "box_type_3d": "LiDAR"}