{"labels_3d": [0, 1, 1, 1, 2, 2, 2], "scores_3d": [0.14788486063480377, 0.6907364130020142, 0.15273326635360718, 0.11821571737527847, 0.8095919489860535, 0.5432636141777039, 0.10737523436546326], "bboxes_3d": [[2.7014822959899902, 2.1163041591644287, -2.0051791667938232, 0.6855260133743286, 0.7008833289146423, 1.6984673738479614, 0.5719391107559204], [15.785804748535156, 11.198539733886719, -2.0287728309631348, 1.6794233322143555, 0.5178266763687134, 1.6373660564422607, 3.1602869033813477], [3.111966848373413, -2.585479736328125, -1.9012091159820557, 1.5813390016555786, 0.46303966641426086, 1.679594874382019, 0.016541481018066406], [2.900977373123169, 1.954777479171753, -1.9391872882843018, 1.6534768342971802, 0.5817621350288391, 1.7592592239379883, 3.030397415161133], [21.564281463623047, 14.62769889831543, -2.0124478340148926, 4.560136795043945, 1.7419394254684448, 1.384084939956665, 3.0938704013824463], [3.263073205947876, 11.010075569152832, -2.0840210914611816, 4.369153022766113, 1.7743028402328491, 1.5656797885894775, 3.1045942306518555], [8.902789115905762, 14.646903991699219, -1.9899547100067139, 4.0145583152771, 1.6426137685775757, 1.8715804815292358, 3.191751480102539]], "box_type_3d": "LiDAR"}