{"labels_3d": [1, 2, 2, 2], "scores_3d": [0.6270917057991028, 0.9607514142990112, 0.9106185436248779, 0.13795964419841766], "bboxes_3d": [[9.958252906799316, 14.158648490905762, -1.8410358428955078, 1.6311612129211426, 0.5227932333946228, 1.5700627565383911, 3.2072739601135254], [20.166913986206055, -6.6891889572143555, -1.8989256620407104, 4.320446491241455, 1.6939493417739868, 1.6584246158599854, 0.060688018798828125], [10.215993881225586, -6.737839698791504, -2.0176687240600586, 4.354411602020264, 1.707070231437683, 1.7457354068756104, 0.05007815361022949], [11.905618667602539, 17.716197967529297, -1.9202382564544678, 3.9238359928131104, 1.6111137866973877, 1.779827356338501, 3.1629929542541504]], "box_type_3d": "LiDAR"}