{"labels_3d": [1, 2, 2, 2], "scores_3d": [0.5974161624908447, 0.9532926082611084, 0.9185876846313477, 0.12473410367965698], "bboxes_3d": [[9.978357315063477, 14.17037296295166, -1.8221299648284912, 1.648613452911377, 0.5026132464408875, 1.5659128427505493, 3.247912645339966], [20.17508316040039, -6.675384044647217, -1.8949040174484253, 4.304686546325684, 1.688019037246704, 1.644134283065796, 0.05382668972015381], [10.219686508178711, -6.7335205078125, -2.0127131938934326, 4.316441059112549, 1.7035986185073853, 1.7518171072006226, 0.04699385166168213], [11.884486198425293, 17.73357391357422, -1.9208698272705078, 3.922544240951538, 1.6172716617584229, 1.811143398284912, 3.1779353618621826]], "box_type_3d": "LiDAR"}