{"labels_3d": [1, 2, 2], "scores_3d": [0.6373758316040039, 0.9689933061599731, 0.9210278987884521], "bboxes_3d": [[9.845231056213379, 14.14241886138916, -1.9401934146881104, 1.6482892036437988, 0.5021822452545166, 1.6119581460952759, 3.217249870300293], [20.247941970825195, -6.7270989418029785, -1.9766695499420166, 4.387516021728516, 1.6946983337402344, 1.6744147539138794, 0.05005168914794922], [10.258513450622559, -6.740139484405518, -2.0381829738616943, 4.279698848724365, 1.7032924890518188, 1.7173575162887573, 0.03975248336791992]], "box_type_3d": "LiDAR"}