{"labels_3d": [1, 2, 2, 2], "scores_3d": [0.7085357308387756, 0.9631262421607971, 0.9309912323951721, 0.1919056922197342], "bboxes_3d": [[9.917860984802246, 14.179361343383789, -1.870366096496582, 1.644806146621704, 0.4949924647808075, 1.6014844179153442, 3.203118324279785], [20.187877655029297, -6.6814351081848145, -1.8848743438720703, 4.292898654937744, 1.6819168329238892, 1.615277886390686, 0.04418802261352539], [10.203573226928711, -6.727010726928711, -2.0096495151519775, 4.299885272979736, 1.7034128904342651, 1.7118679285049438, 0.0351177453994751], [11.858634948730469, 17.71910285949707, -1.9326894283294678, 3.866651773452759, 1.5947645902633667, 1.8053103685379028, 3.1695985794067383]], "box_type_3d": "LiDAR"}