{"labels_3d": [1, 2, 2, 2], "scores_3d": [0.42800435423851013, 0.9301456809043884, 0.9236558079719543, 0.13797412812709808], "bboxes_3d": [[9.93027114868164, 14.174373626708984, -1.8644992113113403, 1.6445530652999878, 0.4742598533630371, 1.5896484851837158, 3.0330429077148438], [10.222526550292969, -6.749938488006592, -1.9444323778152466, 4.39986515045166, 1.685867190361023, 1.6288554668426514, 0.04668986797332764], [20.14173698425293, -6.6512770652771, -1.8571205139160156, 4.2470574378967285, 1.6760917901992798, 1.6108922958374023, 0.044107794761657715], [11.875008583068848, 17.58642578125, -1.8697742223739624, 3.664407968521118, 1.550742506980896, 1.8334659337997437, 3.1320691108703613]], "box_type_3d": "LiDAR"}