{"labels_3d": [1, 2, 2, 2], "scores_3d": [0.3494721055030823, 0.9469412565231323, 0.9411748051643372, 0.23106485605239868], "bboxes_3d": [[9.9486665725708, 14.162420272827148, -1.8629326820373535, 1.643157958984375, 0.477210134267807, 1.5765390396118164, 3.035468578338623], [10.218091011047363, -6.753148078918457, -1.9311445951461792, 4.388124942779541, 1.6782783269882202, 1.617509126663208, 0.05062603950500488], [20.126300811767578, -6.634400367736816, -1.860866904258728, 4.115947723388672, 1.6637060642242432, 1.6089808940887451, 0.04463040828704834], [11.738985061645508, 17.591445922851562, -1.8692340850830078, 3.8767619132995605, 1.6007333993911743, 1.7891182899475098, 3.161539077758789]], "box_type_3d": "LiDAR"}