{"labels_3d": [1, 2, 2], "scores_3d": [0.5893559455871582, 0.9543413519859314, 0.9093213081359863], "bboxes_3d": [[9.891533851623535, 14.158164978027344, -1.912218451499939, 1.6524361371994019, 0.4944416582584381, 1.58518385887146, 3.0524373054504395], [20.212602615356445, -6.7064032554626465, -1.9656072854995728, 4.302701473236084, 1.6962871551513672, 1.672128677368164, 0.05642867088317871], [10.246500015258789, -6.763675212860107, -1.9896214008331299, 4.479159355163574, 1.7050174474716187, 1.6751641035079956, 0.031186461448669434]], "box_type_3d": "LiDAR"}