{"labels_3d": [1, 2, 2, 2, 2, 2, 2, 2, 2, 2, 2], "scores_3d": [0.7237935066223145, 0.9543437361717224, 0.9093145728111267, 0.7613438963890076, 0.7039931416511536, 0.7037973403930664, 0.6757565140724182, 0.47907429933547974, 0.24624544382095337, 0.22984667122364044, 0.15020562708377838], "bboxes_3d": [[9.871204376220703, 14.153597831726074, -1.985640287399292, 1.6297053098678589, 0.52574622631073, 1.6503978967666626, 3.135082483291626], [20.212604522705078, -6.70640754699707, -1.965710163116455, 4.302738189697266, 1.696311593055725, 1.6721782684326172, 0.05642890930175781], [10.246488571166992, -6.763698101043701, -1.9895391464233398, 4.479131698608398, 1.7050056457519531, 1.6751247644424438, 0.03119683265686035], [36.92319107055664, 20.981521606445312, -2.0182442665100098, 4.249100208282471, 1.7026904821395874, 1.4399950504302979, 3.1334805488586426], [38.987613677978516, 17.49131965637207, -1.9902483224868774, 4.316682815551758, 1.7328541278839111, 1.459364652633667, 3.0276260375976562], [11.95659065246582, 24.61158561706543, -1.977204442024231, 4.544485569000244, 1.7389729022979736, 1.47556471824646, 0.05873382091522217], [11.795511245727539, 17.623008728027344, -1.9982552528381348, 3.8934690952301025, 1.5898478031158447, 1.931772232055664, 3.1298739910125732], [63.06765365600586, 20.987598419189453, -2.033989667892456, 4.006203651428223, 1.6536041498184204, 1.6089067459106445, 3.0869643688201904], [23.365917205810547, 29.94029426574707, -2.1514737606048584, 4.08479118347168, 1.745841383934021, 1.406126856803894, 3.11257266998291], [37.01488494873047, 33.2098274230957, -2.4736294746398926, 4.275364398956299, 1.5356833934783936, 1.5763341188430786, 2.040282726287842], [28.209434509277344, 29.955801010131836, -2.1599574089050293, 3.8636972904205322, 1.637218713760376, 1.4151661396026611, 3.116739511489868]], "box_type_3d": "LiDAR"}