{"labels_3d": [1, 2, 2, 2, 2, 2, 2, 2, 2, 2, 2], "scores_3d": [0.5931769609451294, 0.9301456809043884, 0.9236599802970886, 0.8139820098876953, 0.7667475342750549, 0.7403028011322021, 0.6809700131416321, 0.2578122913837433, 0.13197077810764313, 0.126448854804039, 0.10662850737571716], "bboxes_3d": [[9.97331428527832, 14.134309768676758, -1.9540741443634033, 1.6259747743606567, 0.46617183089256287, 1.592570185661316, 3.0544419288635254], [10.222526550292969, -6.749938488006592, -1.9444323778152466, 4.39986515045166, 1.685867190361023, 1.6288554668426514, 0.04668986797332764], [20.141742706298828, -6.651280403137207, -1.8572418689727783, 4.247104644775391, 1.6761242151260376, 1.610945463180542, 0.044108033180236816], [39.0147819519043, 17.477706909179688, -1.93815016746521, 4.437562942504883, 1.7195558547973633, 1.4723149538040161, 3.137824058532715], [11.792521476745605, 17.593679428100586, -1.924076795578003, 3.8060436248779297, 1.576792597770691, 1.8724405765533447, 3.139655590057373], [11.916093826293945, 24.621946334838867, -1.8849258422851562, 4.369241237640381, 1.6976593732833862, 1.4671604633331299, 3.222412586212158], [36.84343719482422, 20.941436767578125, -1.9749175310134888, 4.2019476890563965, 1.6654748916625977, 1.4206774234771729, 3.1369495391845703], [63.07910919189453, 20.999515533447266, -2.045477867126465, 4.045473098754883, 1.6394227743148804, 1.5854905843734741, 3.1047825813293457], [38.485660552978516, 12.674291610717773, -1.6087019443511963, 3.885261058807373, 1.603530764579773, 1.571933388710022, 2.6225008964538574], [8.191829681396484, 29.947715759277344, -1.993178129196167, 4.276798725128174, 1.6913648843765259, 1.430692195892334, -0.017802715301513672], [64.97061920166016, 24.740800857543945, -1.9682896137237549, 3.5902795791625977, 1.5644899606704712, 1.6335469484329224, 2.811824321746826]], "box_type_3d": "LiDAR"}