{"labels_3d": [1, 2, 2, 2, 2, 2, 2, 2, 2], "scores_3d": [0.5735500454902649, 0.9256151914596558, 0.9138501286506653, 0.8035608530044556, 0.7556845545768738, 0.6782301664352417, 0.5506869554519653, 0.31739506125450134, 0.1988661140203476], "bboxes_3d": [[10.003865242004395, 14.12012767791748, -1.9138352870941162, 1.6231834888458252, 0.4713200032711029, 1.6065469980239868, 3.118149518966675], [10.214406967163086, -6.753373622894287, -1.9395759105682373, 4.379437446594238, 1.6853268146514893, 1.634284496307373, 0.04843330383300781], [20.157657623291016, -6.646637439727783, -1.8751537799835205, 4.256257057189941, 1.6772133111953735, 1.6280235052108765, 0.03540301322937012], [39.208290100097656, 17.52377700805664, -1.9556241035461426, 4.548761367797852, 1.7224692106246948, 1.4327346086502075, 3.115737199783325], [11.811166763305664, 17.605005264282227, -1.9074630737304688, 3.812598466873169, 1.5728050470352173, 1.848138689994812, 3.1329803466796875], [11.930201530456543, 24.613773345947266, -1.9245456457138062, 4.383840560913086, 1.7211216688156128, 1.5031802654266357, 3.2241110801696777], [36.77793502807617, 20.991092681884766, -2.0408787727355957, 4.283063888549805, 1.6541990041732788, 1.4791150093078613, 3.142001152038574], [63.18588638305664, 21.027620315551758, -2.0283944606781006, 4.196593284606934, 1.668238639831543, 1.5306291580200195, 3.0992815494537354], [64.95658874511719, 24.586328506469727, -1.9833486080169678, 3.5901927947998047, 1.5299891233444214, 1.621415138244629, 2.8274683952331543]], "box_type_3d": "LiDAR"}