{"labels_3d": [0, 0, 2, 2, 2, 2, 2, 2], "scores_3d": [0.14363880455493927, 0.10771911591291428, 0.5357208251953125, 0.2378808706998825, 0.2349616438150406, 0.1906162053346634, 0.14700326323509216, 0.13147176802158356], "bboxes_3d": [[36.799171447753906, -2.213665008544922, -0.9051002264022827, 0.8786511421203613, 0.6938496828079224, 1.9041576385498047, 2.9452590942382812], [39.609092712402344, 3.386603832244873, -0.7323477268218994, 0.6711102724075317, 0.6630152463912964, 1.7675501108169556, 0.41440606117248535], [20.035823822021484, -9.606980323791504, -1.1170752048492432, 3.834850311279297, 1.7272924184799194, 1.8386372327804565, 4.6371846199035645], [25.663257598876953, 27.25495147705078, -2.185573101043701, 3.959519147872925, 1.625056505203247, 1.5206624269485474, 4.032375812530518], [25.192663192749023, 13.156977653503418, -1.2002878189086914, 4.065464019775391, 1.7473831176757812, 2.075371503829956, 0.6865845918655396], [3.3946852684020996, -33.95472717285156, -1.6971315145492554, 4.256505012512207, 1.666589617729187, 1.5573194026947021, 3.380627155303955], [63.00202178955078, 2.1129469871520996, -0.2367187738418579, 4.3199968338012695, 1.7216602563858032, 1.623739242553711, -1.3632713556289673], [0.7536704540252686, 21.74646759033203, -1.613222360610962, 3.7427618503570557, 1.5676109790802002, 1.4572126865386963, 1.475976586341858]], "box_type_3d": "LiDAR"}