{"labels_3d": [1, 2, 2, 2, 2, 2], "scores_3d": [0.5054121017456055, 0.96908038854599, 0.9687511324882507, 0.5978798270225525, 0.34998956322669983, 0.13836827874183655], "bboxes_3d": [[9.931378364562988, 14.1511869430542, -1.8812432289123535, 1.6612248420715332, 0.5019944906234741, 1.5980483293533325, 3.0912866592407227], [20.111560821533203, -6.646938323974609, -1.8459460735321045, 4.194117546081543, 1.655171275138855, 1.5918042659759521, 0.04929471015930176], [10.218127250671387, -6.752126216888428, -1.9743027687072754, 4.375309944152832, 1.6971067190170288, 1.676383376121521, 0.04238295555114746], [40.19329071044922, -6.636059284210205, -1.9164135456085205, 4.129933834075928, 1.6484432220458984, 1.6545213460922241, 0.03747570514678955], [49.762718200683594, -2.5205953121185303, -1.9460628032684326, 3.5817155838012695, 1.6595525741577148, 1.5460776090621948, 0.023520946502685547], [11.794886589050293, 17.6356258392334, -1.880194067955017, 3.852917432785034, 1.6047149896621704, 1.8329709768295288, 3.13330078125]], "box_type_3d": "LiDAR"}