{"labels_3d": [1, 2, 2, 2, 2, 2], "scores_3d": [0.5835458636283875, 0.9661770462989807, 0.9609423875808716, 0.667916476726532, 0.5534405708312988, 0.1828436702489853], "bboxes_3d": [[9.97941780090332, 14.121881484985352, -1.871753454208374, 1.6354377269744873, 0.5066165328025818, 1.5652425289154053, 3.209554672241211], [10.204779624938965, -6.754749774932861, -1.9654624462127686, 4.362698554992676, 1.6938841342926025, 1.6642600297927856, 0.04556775093078613], [20.117765426635742, -6.622735977172852, -1.856992483139038, 4.175633430480957, 1.65814208984375, 1.5951648950576782, 0.047757506370544434], [40.28763961791992, -6.613654613494873, -1.9041544198989868, 4.259259223937988, 1.6661767959594727, 1.6858181953430176, 0.0053757429122924805], [49.74751281738281, -2.5683400630950928, -1.8434275388717651, 3.5300095081329346, 1.6123203039169312, 1.5401103496551514, -0.03910970687866211], [11.773626327514648, 17.62369155883789, -1.8784832954406738, 3.8810501098632812, 1.600862741470337, 1.7906146049499512, 3.1443488597869873]], "box_type_3d": "LiDAR"}