{"labels_3d": [1, 2, 2, 2, 2, 2], "scores_3d": [0.7046800851821899, 0.9776140451431274, 0.9575450420379639, 0.7308002710342407, 0.4775463044643402, 0.1220577284693718], "bboxes_3d": [[9.85395622253418, 14.148516654968262, -1.9600284099578857, 1.6370501518249512, 0.5274943709373474, 1.6197854280471802, 3.1235058307647705], [20.18722915649414, -6.697232246398926, -1.9652044773101807, 4.293307304382324, 1.6852668523788452, 1.651998519897461, 0.05562400817871094], [10.22558879852295, -6.764796257019043, -1.9957811832427979, 4.436960697174072, 1.7067451477050781, 1.71934175491333, 0.030786633491516113], [40.001502990722656, -6.549463748931885, -2.024014472961426, 3.934434175491333, 1.6775305271148682, 1.7129480838775635, 0.037271976470947266], [49.76395034790039, -2.5965383052825928, -2.002117395401001, 3.5877716541290283, 1.6038331985473633, 1.4639564752578735, -0.005868077278137207], [11.919013977050781, 17.72772979736328, -1.999406099319458, 3.9677863121032715, 1.6117559671401978, 1.8479617834091187, 3.129408597946167]], "box_type_3d": "LiDAR"}