{"labels_3d": [1, 2, 2, 2], "scores_3d": [0.6930861473083496, 0.9564899206161499, 0.9211786389350891, 0.10267184674739838], "bboxes_3d": [[9.949249267578125, 14.17855453491211, -1.8296751976013184, 1.6488953828811646, 0.502861738204956, 1.5937126874923706, 3.2781448364257812], [20.1874942779541, -6.670924186706543, -1.913161277770996, 4.32625150680542, 1.693886399269104, 1.6535274982452393, 0.05455613136291504], [10.229876518249512, -6.736043930053711, -2.0189783573150635, 4.327888488769531, 1.7052154541015625, 1.719138503074646, 0.03465676307678223], [11.864748001098633, 17.750064849853516, -1.9269605875015259, 3.8319759368896484, 1.5946635007858276, 1.744502305984497, 3.1868417263031006]], "box_type_3d": "LiDAR"}