{"labels_3d": [2, 2, 2], "scores_3d": [0.6292186975479126, 0.24712105095386505, 0.14153897762298584], "bboxes_3d": [[20.06328582763672, -9.663743019104004, -1.1088749170303345, 3.933784246444702, 1.7319307327270508, 1.8222934007644653, 4.635962963104248], [25.227582931518555, 13.148387908935547, -1.213615894317627, 4.327112197875977, 1.7977418899536133, 2.1031837463378906, 0.625454306602478], [10.56499195098877, 21.111724853515625, -1.6718146800994873, 4.106370449066162, 1.6214563846588135, 1.545798897743225, 3.2185235023498535]], "box_type_3d": "LiDAR"}