{"labels_3d": [2, 2, 2, 2], "scores_3d": [0.6200507283210754, 0.2952393591403961, 0.23787781596183777, 0.18982671201229095], "bboxes_3d": [[20.073091506958008, -9.670679092407227, -1.1248605251312256, 3.9823896884918213, 1.7432383298873901, 1.8355993032455444, 4.627851963043213], [25.30276870727539, 13.066222190856934, -1.2115569114685059, 4.4115729331970215, 1.7980211973190308, 2.0979437828063965, 0.5318995714187622], [25.663253784179688, 27.25494956970215, -2.185518741607666, 3.9594922065734863, 1.6250427961349487, 1.520641803741455, 4.032375812530518], [3.3737430572509766, -33.957130432128906, -1.7169911861419678, 4.275645732879639, 1.6595209836959839, 1.5569308996200562, 3.416048288345337]], "box_type_3d": "LiDAR"}