{"labels_3d": [2, 2], "scores_3d": [0.5930520296096802, 0.2952393591403961], "bboxes_3d": [[20.0594482421875, -9.647348403930664, -1.142134428024292, 3.974738597869873, 1.7452669143676758, 1.851339340209961, 4.627129554748535], [25.30276870727539, 13.066222190856934, -1.2115569114685059, 4.4115729331970215, 1.7980211973190308, 2.0979437828063965, 0.5318995714187622]], "box_type_3d": "LiDAR"}