{"labels_3d": [2, 2, 2], "scores_3d": [0.6292186975479126, 0.22319701313972473, 0.1709025651216507], "bboxes_3d": [[20.06328582763672, -9.663743019104004, -1.1088749170303345, 3.933784246444702, 1.7319307327270508, 1.8222934007644653, 4.635962963104248], [10.555054664611816, 21.082584381103516, -1.6518996953964233, 4.0796074867248535, 1.5868691205978394, 1.5213598012924194, 3.2406654357910156], [25.204662322998047, 13.191667556762695, -1.2425625324249268, 4.200439453125, 1.7307064533233643, 1.9325313568115234, 0.6497513055801392]], "box_type_3d": "LiDAR"}