{"labels_3d": [0, 1, 1, 1, 2, 2, 2, 2, 2, 2, 2, 2], "scores_3d": [0.17797987163066864, 0.6238180994987488, 0.24350503087043762, 0.14730606973171234, 0.9798868894577026, 0.9638920426368713, 0.7261061668395996, 0.6229413747787476, 0.5852493643760681, 0.34040096402168274, 0.22115884721279144, 0.13407889008522034], "bboxes_3d": [[4.01878547668457, 2.2275726795196533, -1.966009259223938, 0.7355163097381592, 0.6948075294494629, 1.6505513191223145, 4.250237941741943], [10.000239372253418, 14.181297302246094, -1.8240032196044922, 1.6419323682785034, 0.49380046129226685, 1.56602144241333, 3.2442002296447754], [4.118804454803467, 2.229933977127075, -1.9549579620361328, 1.6434444189071655, 0.5372246503829956, 1.6977553367614746, 2.833911418914795], [4.455090522766113, -2.1806588172912598, -2.043018341064453, 1.5945205688476562, 0.5268154740333557, 1.642864465713501, 3.4740490913391113], [20.17401123046875, -6.665591239929199, -1.8756675720214844, 4.257225513458252, 1.6757910251617432, 1.6156998872756958, 0.0596233606338501], [10.198761940002441, -6.76253604888916, -1.9923332929611206, 4.411243915557861, 1.7104800939559937, 1.7138967514038086, 0.04695272445678711], [20.177995681762695, 6.074953079223633, -1.9366023540496826, 4.290892601013184, 1.6612857580184937, 1.5897108316421509, -0.015708208084106445], [40.224430084228516, -6.702938079833984, -1.8514355421066284, 4.549904823303223, 1.7115105390548706, 1.661534070968628, 0.026583075523376465], [0.7694957256317139, 5.821547031402588, -1.8823721408843994, 3.4950175285339355, 1.507685899734497, 1.4467343091964722, -0.020658254623413086], [49.950679779052734, -6.250027179718018, -1.8021034002304077, 3.6610326766967773, 1.616807222366333, 1.5326108932495117, -0.03873550891876221], [3.4785497188568115, -2.7585959434509277, -1.837018370628357, 3.839895486831665, 1.5510057210922241, 1.4979667663574219, 3.375312328338623], [57.13996505737305, -3.8269143104553223, -1.8710322380065918, 4.281124114990234, 1.642633318901062, 1.4794163703918457, 3.6644463539123535]], "box_type_3d": "LiDAR"}