{"labels_3d": [0, 1, 1, 1, 2, 2, 2, 2, 2, 2, 2, 2, 2], "scores_3d": [0.17209772765636444, 0.6381633877754211, 0.23710419237613678, 0.1354442536830902, 0.9829214215278625, 0.9535245895385742, 0.8049530982971191, 0.7694036960601807, 0.6138471364974976, 0.20140467584133148, 0.19110143184661865, 0.13482804596424103, 0.11795106530189514], "bboxes_3d": [[4.0310468673706055, 2.2280173301696777, -1.9534642696380615, 0.7451198697090149, 0.6851856708526611, 1.6619665622711182, 4.203658580780029], [9.899949073791504, 14.154478073120117, -1.8575892448425293, 1.638564109802246, 0.49443918466567993, 1.5579646825790405, 3.2090725898742676], [4.145718574523926, 2.2316129207611084, -1.9436984062194824, 1.644714117050171, 0.5376675128936768, 1.6961106061935425, 2.824556589126587], [4.451180458068848, -2.1805529594421387, -2.014854907989502, 1.5939713716506958, 0.5286291241645813, 1.639398217201233, 3.5221784114837646], [20.157041549682617, -6.675292491912842, -1.8777401447296143, 4.234092712402344, 1.6681196689605713, 1.6131664514541626, 0.06153976917266846], [10.223673820495605, -6.770546913146973, -1.9764683246612549, 4.373214244842529, 1.7042887210845947, 1.7243188619613647, 0.04131460189819336], [20.132816314697266, 6.053062438964844, -1.9184701442718506, 4.304740905761719, 1.6432527303695679, 1.5420929193496704, -0.03944277763366699], [39.995384216308594, -6.6486358642578125, -1.9384602308273315, 3.8592922687530518, 1.6748214960098267, 1.6549348831176758, 0.0002866983413696289], [0.7470369935035706, 5.836979866027832, -1.8779222965240479, 3.515782117843628, 1.5135174989700317, 1.4454023838043213, -0.02717876434326172], [3.5292532444000244, -2.761040210723877, -1.815124750137329, 3.873213529586792, 1.56108558177948, 1.5052036046981812, 3.4289584159851074], [49.85244369506836, -6.283900260925293, -1.7759490013122559, 3.4915084838867188, 1.6082595586776733, 1.5742236375808716, -0.11120057106018066], [11.845195770263672, 17.71257972717285, -1.929650068283081, 3.8546366691589355, 1.6015175580978394, 1.7855218648910522, 3.169135093688965], [57.158119201660156, -3.0795791149139404, -1.7892180681228638, 4.219648838043213, 1.667159914970398, 1.4760494232177734, 3.2525362968444824]], "box_type_3d": "LiDAR"}