{"labels_3d": [0, 1, 1, 1, 2, 2, 2, 2, 2, 2, 2, 2], "scores_3d": [0.14942562580108643, 0.6099225282669067, 0.20713873207569122, 0.13080599904060364, 0.9807455539703369, 0.9742030501365662, 0.8388458490371704, 0.7074808478355408, 0.5846735835075378, 0.3481467068195343, 0.20434466004371643, 0.1229521781206131], "bboxes_3d": [[3.9998390674591064, 2.2325069904327393, -1.9634060859680176, 0.7338466048240662, 0.713362455368042, 1.647223949432373, 4.150750160217285], [9.924969673156738, 14.148079872131348, -1.861372947692871, 1.6582432985305786, 0.4850355088710785, 1.5502170324325562, 3.2558207511901855], [4.121168613433838, 2.2380013465881348, -1.94508957862854, 1.6353025436401367, 0.5432082414627075, 1.687730312347412, 2.846137285232544], [4.444051265716553, -2.182849168777466, -2.0466294288635254, 1.5925194025039673, 0.5349566340446472, 1.6416995525360107, 3.511979579925537], [20.184532165527344, -6.666795253753662, -1.9140877723693848, 4.30219030380249, 1.682331919670105, 1.6307011842727661, 0.05439019203186035], [10.214531898498535, -6.7515668869018555, -1.9651601314544678, 4.389616966247559, 1.6921942234039307, 1.6489859819412231, 0.03751206398010254], [20.191049575805664, 6.049482345581055, -1.900937557220459, 4.36397647857666, 1.6502838134765625, 1.584001898765564, -0.03672909736633301], [39.98789978027344, -6.631715774536133, -1.914592981338501, 3.7065961360931396, 1.6781482696533203, 1.6742324829101562, 0.014737248420715332], [0.7480977773666382, 5.824234962463379, -1.8793509006500244, 3.498464345932007, 1.5108026266098022, 1.448899507522583, -0.04112958908081055], [49.925010681152344, -6.226862907409668, -1.827109932899475, 3.4131739139556885, 1.6186113357543945, 1.6089293956756592, 0.02919924259185791], [3.8609726428985596, -2.7539451122283936, -1.9254631996154785, 3.881354331970215, 1.5684661865234375, 1.4635623693466187, 3.4947261810302734], [11.863696098327637, 17.716896057128906, -1.913787841796875, 3.9026999473571777, 1.6062716245651245, 1.733535647392273, 3.192272663116455]], "box_type_3d": "LiDAR"}