{"labels_3d": [0, 1, 1, 1, 2, 2, 2, 2, 2, 2, 2, 2], "scores_3d": [0.132814422249794, 0.6782658696174622, 0.36038532853126526, 0.308392733335495, 0.9439958930015564, 0.864388644695282, 0.5168631672859192, 0.30853530764579773, 0.22095738351345062, 0.20472756028175354, 0.2011411190032959, 0.1363181620836258], "bboxes_3d": [[0.2901777923107147, -2.4707021713256836, -1.7466133832931519, 0.5443345904350281, 0.7436630725860596, 1.563236951828003, 4.55991792678833], [15.796808242797852, 11.20272159576416, -1.8966898918151855, 1.6388959884643555, 0.4757766127586365, 1.5657645463943481, 3.345531463623047], [3.045776844024658, -2.543574571609497, -1.9097936153411865, 1.6688836812973022, 0.5200336575508118, 1.657036304473877, 3.0858378410339355], [0.19526056945323944, -2.4570367336273193, -1.7509173154830933, 1.6844584941864014, 0.5365932583808899, 1.7049171924591064, 3.039651870727539], [30.126220703125, -8.826066017150879, -1.939022183418274, 4.4910101890563965, 1.7229582071304321, 1.4805729389190674, 4.6959614753723145], [21.465553283691406, 14.579524993896484, -1.9645609855651855, 4.16801643371582, 1.6223106384277344, 1.3492212295532227, 3.100709915161133], [33.918888092041016, 21.845706939697266, -1.8777031898498535, 4.195547580718994, 1.6593284606933594, 1.511408805847168, 1.6118608713150024], [3.519941568374634, 11.013527870178223, -2.044558525085449, 4.318144798278809, 1.6978704929351807, 1.482496976852417, 3.1272716522216797], [51.048011779785156, 14.320752143859863, -2.07075572013855, 3.513482093811035, 1.5648715496063232, 1.5516096353530884, 3.230475425720215], [8.94162368774414, 14.621706008911133, -1.8799654245376587, 3.9613919258117676, 1.5893900394439697, 1.7518775463104248, 3.1952056884765625], [59.51190948486328, -3.5658745765686035, -1.9523797035217285, 3.5914647579193115, 1.6047474145889282, 1.5123788118362427, -0.156885027885437], [54.582218170166016, 15.79922866821289, -2.216449022293091, 4.171619892120361, 1.6257671117782593, 1.4362659454345703, 3.426621437072754]], "box_type_3d": "LiDAR"}