{"labels_3d": [1, 1, 1, 2, 2, 2, 2, 2, 2], "scores_3d": [0.6125408411026001, 0.3221210837364197, 0.16717317700386047, 0.9354633092880249, 0.5126520991325378, 0.45654594898223877, 0.34109488129615784, 0.20472756028175354, 0.11191605776548386], "bboxes_3d": [[15.76081371307373, 11.220516204833984, -1.8793435096740723, 1.609189510345459, 0.5217407941818237, 1.5333315134048462, 3.485564708709717], [3.065275192260742, -2.5550644397735596, -1.9269497394561768, 1.6562261581420898, 0.5234150290489197, 1.668745756149292, 3.057304620742798], [0.10577437281608582, -2.5204784870147705, -1.762094497680664, 1.7455848455429077, 0.5628451108932495, 1.7556220293045044, 3.0958995819091797], [30.114131927490234, -8.838397026062012, -1.9377003908157349, 4.430432319641113, 1.7113198041915894, 1.479611873626709, 4.69419527053833], [59.69403839111328, -3.7177398204803467, -1.9601150751113892, 3.969587802886963, 1.6531330347061157, 1.5270495414733887, -0.1630312204360962], [3.5045533180236816, 11.022106170654297, -2.0251986980438232, 4.39226770401001, 1.7046321630477905, 1.4630416631698608, 3.130950450897217], [21.481828689575195, 14.587281227111816, -2.009305953979492, 4.087853908538818, 1.575847864151001, 1.3449616432189941, 3.068788528442383], [8.94162368774414, 14.621706008911133, -1.8799654245376587, 3.9613919258117676, 1.5893900394439697, 1.7518775463104248, 3.1952056884765625], [1.9886071681976318, 0.6642253994941711, -1.5870096683502197, 4.40494441986084, 1.7798155546188354, 1.7233110666275024, 3.765105724334717]], "box_type_3d": "LiDAR"}