{"labels_3d": [0, 2, 2], "scores_3d": [0.14854243397712708, 0.5773974657058716, 0.24194875359535217], "bboxes_3d": [[36.8059196472168, -2.215818166732788, -0.9023690819740295, 0.9289779663085938, 0.707721471786499, 1.9052467346191406, 2.9591455459594727], [20.04279327392578, -9.588550567626953, -1.1165562868118286, 3.853550910949707, 1.7263100147247314, 1.8285588026046753, 4.629507541656494], [25.267004013061523, 13.12945556640625, -1.25559401512146, 4.331330299377441, 1.7942405939102173, 2.102691888809204, 0.574626088142395]], "box_type_3d": "LiDAR"}