{"labels_3d": [0, 0, 0, 1, 1, 1, 1, 1, 2, 2, 2, 2, 2], "scores_3d": [0.571483314037323, 0.1113983765244484, 0.10762066394090652, 0.6171409487724304, 0.577713131904602, 0.38866356015205383, 0.24336323142051697, 0.10014989227056503, 0.9537972807884216, 0.9201329350471497, 0.8148712515830994, 0.2966309189796448, 0.1191515177488327], "bboxes_3d": [[1.2728245258331299, 2.3224313259124756, -1.8226637840270996, 0.6003753542900085, 0.6916625499725342, 1.6415730714797974, -0.7268940210342407], [4.314789295196533, 2.2714812755584717, -1.982660174369812, 0.5636346340179443, 0.7018259763717651, 1.607104778289795, 3.0655174255371094], [4.7718658447265625, -2.2087388038635254, -1.9778192043304443, 0.5722491145133972, 0.6797198057174683, 1.5213829278945923, 4.528899192810059], [9.988065719604492, 14.121957778930664, -1.8732883930206299, 1.6235113143920898, 0.530213475227356, 1.5755772590637207, 3.1855039596557617], [4.501865386962891, -2.231994390487671, -1.9739831686019897, 1.6204525232315063, 0.5499617457389832, 1.6980788707733154, 3.0733981132507324], [1.3997654914855957, -2.2609786987304688, -1.9312796592712402, 1.704737663269043, 0.4977231025695801, 1.661987543106079, 3.1471939086914062], [4.224814414978027, 2.2603654861450195, -1.9490537643432617, 1.659340262413025, 0.5778094530105591, 1.682677149772644, 3.4584953784942627], [1.2682466506958008, 2.1222984790802, -1.7258902788162231, 1.8126020431518555, 0.7975576519966125, 1.6112656593322754, 1.179322361946106], [20.132122039794922, -6.643941879272461, -1.8588974475860596, 4.125067234039307, 1.6615961790084839, 1.6105555295944214, 0.052025794982910156], [10.291532516479492, -6.722324371337891, -1.9716715812683105, 4.186275959014893, 1.6733362674713135, 1.7447662353515625, 0.025158166885375977], [20.178478240966797, 6.069281101226807, -1.9015295505523682, 4.364851951599121, 1.6466970443725586, 1.537467360496521, -0.026685595512390137], [11.774126052856445, 17.601804733276367, -1.8795347213745117, 3.832179307937622, 1.5982389450073242, 1.8046481609344482, 3.14302396774292], [3.720961332321167, -0.9645365476608276, -1.9755463600158691, 3.663731813430786, 1.554694414138794, 1.4955871105194092, 2.2944107055664062]], "box_type_3d": "LiDAR"}