{"labels_3d": [0, 0, 0, 1, 1, 1, 1, 1, 2, 2, 2, 2, 2], "scores_3d": [0.5327324867248535, 0.115332692861557, 0.10969594866037369, 0.6632440090179443, 0.5931801795959473, 0.449532151222229, 0.2609280049800873, 0.1214960440993309, 0.9489164352416992, 0.9078227281570435, 0.8174331784248352, 0.24591299891471863, 0.12146944552659988], "bboxes_3d": [[1.2724469900131226, 2.323870897293091, -1.8180274963378906, 0.6139854788780212, 0.6852530241012573, 1.6357060670852661, -0.698766827583313], [4.315147876739502, 2.2651712894439697, -1.9817028045654297, 0.5602531433105469, 0.7059881091117859, 1.602401852607727, 3.114617347717285], [4.767200469970703, -2.205300807952881, -1.974797248840332, 0.5621417760848999, 0.6809953451156616, 1.5218912363052368, 4.53867769241333], [9.959776878356934, 14.139222145080566, -1.8574726581573486, 1.6171892881393433, 0.5090852379798889, 1.5684653520584106, 3.1364097595214844], [4.49568510055542, -2.2322874069213867, -1.9687128067016602, 1.6179699897766113, 0.5483086705207825, 1.6930551528930664, 3.0943551063537598], [1.41718590259552, -2.24045991897583, -1.9578847885131836, 1.6906921863555908, 0.5045554637908936, 1.6623902320861816, 3.1204795837402344], [4.2278947830200195, 2.254415512084961, -1.9520992040634155, 1.6550995111465454, 0.5749529004096985, 1.677452802658081, 3.4443578720092773], [1.274360179901123, 2.1229662895202637, -1.7231202125549316, 1.8058795928955078, 0.7902931571006775, 1.6123111248016357, 1.2149683237075806], [20.15694236755371, -6.655395030975342, -1.8817100524902344, 4.292446613311768, 1.67595636844635, 1.6081573963165283, 0.04982411861419678], [10.252673149108887, -6.715005397796631, -2.001802682876587, 4.103966236114502, 1.6760433912277222, 1.7790004014968872, 0.03430521488189697], [20.24759864807129, 6.068027019500732, -1.8959145545959473, 4.4396138191223145, 1.6571581363677979, 1.558371663093567, -0.011255979537963867], [11.779071807861328, 17.602144241333008, -1.8768303394317627, 3.9134645462036133, 1.6160207986831665, 1.8148255348205566, 3.1527228355407715], [3.7132530212402344, -0.9515260457992554, -1.964165449142456, 3.6416845321655273, 1.5517219305038452, 1.4981132745742798, 2.295307159423828]], "box_type_3d": "LiDAR"}