{"labels_3d": [1, 1, 2, 2, 2, 2, 2, 2, 2, 2, 2, 2, 2], "scores_3d": [0.6871726512908936, 0.3606383502483368, 0.9554380774497986, 0.9467619061470032, 0.9409226775169373, 0.846818208694458, 0.7974063754081726, 0.7775275111198425, 0.7712847590446472, 0.7325029969215393, 0.470319002866745, 0.45605215430259705, 0.392271488904953], "bboxes_3d": [[9.951590538024902, 14.143939971923828, -1.939127802848816, 1.613542079925537, 0.47075536847114563, 1.628300428390503, 3.2159414291381836], [39.16720199584961, 24.66124725341797, -2.0386085510253906, 1.6069780588150024, 0.3658776879310608, 1.706784725189209, -0.21691405773162842], [20.139394760131836, 6.02253532409668, -1.9101166725158691, 4.494474411010742, 1.645076036453247, 1.5029078722000122, -0.04094409942626953], [10.218873977661133, -6.7602314949035645, -1.9401311874389648, 4.40295934677124, 1.6844691038131714, 1.624340295791626, 0.048064231872558594], [20.224592208862305, -6.671840190887451, -1.915238857269287, 4.329555511474609, 1.6922543048858643, 1.6557282209396362, 0.051525115966796875], [39.12759017944336, 17.506179809570312, -1.9726026058197021, 4.51059103012085, 1.7677568197250366, 1.4087835550308228, 3.1125574111938477], [11.803888320922852, 17.57754135131836, -1.9270052909851074, 3.813129425048828, 1.5842090845108032, 1.8437913656234741, 3.148261547088623], [36.70722198486328, 21.028003692626953, -1.9873950481414795, 4.195164203643799, 1.670606255531311, 1.4541361331939697, 3.0766549110412598], [29.821826934814453, 6.109058380126953, -1.9033150672912598, 3.8004910945892334, 1.625512719154358, 1.5158119201660156, -0.03537189960479736], [11.760278701782227, 24.64146614074707, -1.9334867000579834, 4.303133010864258, 1.6972779035568237, 1.4947541952133179, 3.2062177658081055], [49.81348419189453, 6.08937931060791, -1.9180819988250732, 3.707819700241089, 1.6431902647018433, 1.5745733976364136, -0.06320536136627197], [0.6730915904045105, 5.80323600769043, -1.9197680950164795, 3.5986499786376953, 1.5170255899429321, 1.4435464143753052, -0.10206544399261475], [63.110137939453125, 20.9549503326416, -1.8811402320861816, 4.253400802612305, 1.709602952003479, 1.473720908164978, 3.0353035926818848]], "box_type_3d": "LiDAR"}