{"labels_3d": [1, 2, 2, 2, 2, 2, 2, 2, 2, 2, 2, 2], "scores_3d": [0.6583532691001892, 0.9542243480682373, 0.9398291707038879, 0.9330319762229919, 0.8818290829658508, 0.8639177680015564, 0.8419734239578247, 0.797017514705658, 0.603251576423645, 0.49594756960868835, 0.435463547706604, 0.4258973002433777], "bboxes_3d": [[9.911442756652832, 14.165657997131348, -1.9057902097702026, 1.639068603515625, 0.46356001496315, 1.6340844631195068, 3.184793710708618], [20.16193199157715, 6.035532474517822, -1.9303094148635864, 4.529279708862305, 1.663285255432129, 1.5388760566711426, -0.046457767486572266], [10.212345123291016, -6.741177082061768, -1.9655331373214722, 4.435501575469971, 1.6992027759552002, 1.6559436321258545, 0.055982351303100586], [20.185670852661133, -6.661715984344482, -1.8884706497192383, 4.288291931152344, 1.6862941980361938, 1.6438807249069214, 0.0584254264831543], [39.14921569824219, 17.495769500732422, -1.9481425285339355, 4.580629348754883, 1.7620887756347656, 1.4729644060134888, 3.1264753341674805], [11.908318519592285, 24.670883178710938, -1.8876726627349854, 4.592236042022705, 1.7448968887329102, 1.4311081171035767, 3.163912773132324], [29.83441734313965, 6.122091293334961, -1.8587113618850708, 3.884727716445923, 1.62026047706604, 1.4982519149780273, -0.030113935470581055], [11.81448745727539, 17.590187072753906, -1.9393271207809448, 3.8249146938323975, 1.591221570968628, 1.8409972190856934, 3.155874013900757], [36.719154357910156, 21.025659561157227, -2.0146853923797607, 4.128256320953369, 1.6488736867904663, 1.4977010488510132, 3.105236291885376], [49.637229919433594, 6.210778713226318, -1.9370708465576172, 3.4318058490753174, 1.6202375888824463, 1.5758090019226074, -0.009982824325561523], [0.6396085619926453, 5.808109283447266, -1.9086272716522217, 3.58738374710083, 1.5132029056549072, 1.443240761756897, -0.10018634796142578], [63.350982666015625, 20.765838623046875, -1.8711800575256348, 4.191451549530029, 1.6365547180175781, 1.566508173942566, 2.9885644912719727]], "box_type_3d": "LiDAR"}