{"labels_3d": [1, 1, 2, 2, 2, 2, 2, 2, 2, 2, 2, 2], "scores_3d": [0.6804805397987366, 0.23930008709430695, 0.9506576657295227, 0.9479466080665588, 0.942683219909668, 0.8501071929931641, 0.84147047996521, 0.805755078792572, 0.7848537564277649, 0.6423875689506531, 0.515901505947113, 0.43342167139053345], "bboxes_3d": [[9.879225730895996, 14.158235549926758, -1.943445086479187, 1.6432791948318481, 0.4653860330581665, 1.641658067703247, 3.2301783561706543], [4.13791036605835, 2.217670440673828, -1.9478540420532227, 1.6473777294158936, 0.534569501876831, 1.6976159811019897, -0.3114830255508423], [20.149831771850586, 6.017523765563965, -1.9305577278137207, 4.478977680206299, 1.6552660465240479, 1.531347393989563, -0.0560612678527832], [20.216690063476562, -6.681971549987793, -1.8693020343780518, 4.296226978302002, 1.6834062337875366, 1.6373025178909302, 0.06668305397033691], [10.222354888916016, -6.762538433074951, -1.9423868656158447, 4.405641078948975, 1.6855026483535767, 1.6308544874191284, 0.04311072826385498], [11.912084579467773, 24.662870407104492, -1.885678768157959, 4.6064677238464355, 1.7450913190841675, 1.441589117050171, 3.1548914909362793], [11.808868408203125, 17.58488655090332, -1.9369068145751953, 3.810246229171753, 1.5997182130813599, 1.8243407011032104, 3.1499249935150146], [29.792251586914062, 6.111602783203125, -1.8914648294448853, 3.7242276668548584, 1.6120405197143555, 1.4868333339691162, -0.027500033378601074], [39.1533317565918, 17.468685150146484, -1.9629619121551514, 4.569972038269043, 1.7356642484664917, 1.4387619495391846, 3.13974928855896], [36.754390716552734, 21.001665115356445, -2.032958507537842, 4.2721405029296875, 1.6912927627563477, 1.5982708930969238, 3.0850114822387695], [49.697975158691406, 6.239616870880127, -1.928558588027954, 3.539926290512085, 1.6088014841079712, 1.5523236989974976, 0.04228067398071289], [0.6679862141609192, 5.813776969909668, -1.9208316802978516, 3.5801868438720703, 1.5180250406265259, 1.4474208354949951, -0.10120415687561035]], "box_type_3d": "LiDAR"}