{"labels_3d": [0, 1, 1, 1, 2, 2, 2, 2], "scores_3d": [0.2287081778049469, 0.6896474361419678, 0.11819929629564285, 0.10093317925930023, 0.7678882479667664, 0.5221624970436096, 0.2552373707294464, 0.10086968541145325], "bboxes_3d": [[2.6912944316864014, 2.1240837574005127, -1.9528741836547852, 0.7295411229133606, 0.6976544857025146, 1.6960196495056152, 0.6464425325393677], [15.766634941101074, 11.19918155670166, -2.010802984237671, 1.6769680976867676, 0.5240669250488281, 1.6315093040466309, 3.179202079772949], [3.0531530380249023, -2.5980207920074463, -1.8915350437164307, 1.6123545169830322, 0.4577324390411377, 1.680326223373413, 3.231982707977295], [2.679422378540039, 2.0156948566436768, -1.8714431524276733, 1.751224160194397, 0.7100593447685242, 1.7592389583587646, -1.5384608507156372], [3.098343849182129, 11.020462989807129, -2.0019466876983643, 4.536640167236328, 1.7625681161880493, 1.4407212734222412, 3.1710076332092285], [30.13616371154785, -8.553056716918945, -2.0731351375579834, 4.48640251159668, 1.728557825088501, 1.5455104112625122, 1.5710660219192505], [21.51197052001953, 14.574759483337402, -2.0644702911376953, 4.4298481941223145, 1.6933081150054932, 1.3996312618255615, 3.0737743377685547], [8.919425964355469, 14.635100364685059, -2.002542734146118, 3.998368501663208, 1.6447067260742188, 1.869095802307129, 3.166842460632324]], "box_type_3d": "LiDAR"}